patient_id,full_name,email,phone,age,zip,admission_date,diagnosis,notes
P000001,Becker^Petra,petra.becker@example.org,+49 89 7342349,33,85354,2024-04-01,J45.909,"treated at Apollo Hospital, transferred from HDFC Bank clinic"
P000002,Weber^Rosa,rosa.weber@example.org,+49 89 0727893,45,85354,2024-09-25,N18.3,"lives at 333 MG Road, Pune 411001"
P000003,Bauer^Alice,alice.bauer@example.net,+49 89 1809012,64,81549,2024-01-05,M54.5,follow-up in 6 weeks
P000004,Hoffmann^Rosa,rosa.hoffmann@example.net,+49 89 2954448,33,85354,2024-01-26,I25.10,vehicle MH 12 AB 9239 in lot
P000005,Nowak^Zora,zora.nowak@example.net,+49 89 9215129,41,85354,2024-08-15,J45.909,contact patient at zora@example.com
P000006,Yilmaz^Hana,hana.yilmaz@example.com,+49 89 3125449,63,80333,2024-08-06,J06.9,
P000007,Yilmaz^Igor,igor.yilmaz@example.com,+49 89 5692182,43,85354,2024-12-11,F32.1,ssn 123-45-6789 verified
P000008,Bauer^Deniz,deniz.bauer@example.org,+49 89 3312972,66,81541,2024-12-04,M54.5,refund to DE89 3704 0044 0532 0130 00 approved
P000009,Demo^Vera,vera.demo@example.com,+49 89 9664347,33,80333,2024-11-01,N18.3,contact patient at vera@example.com
P000010,Bauer^Tanja,tanja.bauer@example.com,+49 89 9161558,38,85354,2024-02-13,I10,callback +49 89 8170700
P000011,Beispiel^Karim,karim.beispiel@example.net,+49 89 6771233,46,04103,2020-09-18,E78.5,
P000012,Weber^Umut,umut.weber@example.org,+49 89 9678401,64,85354,2024-11-17,I10,api token sk-live_3d3420de26e28245 rotated
P000013,Yilmaz^Lena,lena.yilmaz@example.net,+49 89 9346273,38,80333,2024-09-03,E11.9,vpn from 192.168.1.5 and 2001:db8::5
P000014,Muster^Georg,georg.muster@example.org,+49 89 5587963,64,80333,2024-12-28,K21.0,dob confirmed 15/03/1990
P000015,Demo^Ingrid,ingrid.demo@example.org,+49 89 2458003,68,81541,2024-08-19,E11.9,portal access via https://internal.clinic.example/records/P000015
P000016,Schmidt^Petra,petra.schmidt@example.net,+49 89 1206585,52,80333,2024-11-14,J06.9,portal access via https://internal.clinic.example/records/P000016
P000017,Nowak^Georg,georg.nowak@example.com,+49 89 2598755,41,80333,2024-11-20,K21.0,api token sk-live_9dda06ac017cbb38 rotated
P000018,Muster^Ingrid,ingrid.muster@example.com,+49 89 6837883,40,80333,2024-03-12,M54.5,
P000019,Bauer^Georg,georg.bauer@example.org,+49 89 3271699,46,80333,2024-09-17,K21.0,refund to DE89 3704 0044 0532 0130 00 approved
P000020,Hoffmann^Vera,vera.hoffmann@example.org,+49 89 1611915,32,20095,2024-03-11,K21.0,insurance card 4111 1111 1111 1111 on file
P000021,Weber^Zora,zora.weber@example.net,+49 89 1296862,56,85354,2024-06-03,I25.10,callback +49 89 1711119
P000022,Wagner^Stefan,stefan.wagner@example.org,+49 89 4892622,46,81549,2024-02-08,J06.9,"lives at 390 MG Road, Pune 411001"
P000023,Fischer^Karim,karim.fischer@example.org,+49 89 7797321,45,80331,2024-12-04,I10,order ref 1234567890123 pending
P000024,Hoffmann^Igor,igor.hoffmann@example.com,+49 89 2072429,64,81541,2024-01-24,I10,refund to DE89 3704 0044 0532 0130 00 approved
P000025,Fischer^Julia,julia.fischer@example.com,+49 89 8901829,59,80331,2024-11-25,E11.9,vpn from 192.168.1.159 and 2001:db8::159
P000026,Wagner^Karim,karim.wagner@example.org,+49 89 9094924,34,81541,2024-07-17,E11.9,history of diabetes and hypertension
P000027,Weber^Rosa,rosa.weber@example.com,+49 89 9723891,63,80331,2024-11-14,E11.9,history of diabetes and hypertension
P000028,Beispiel^Umut,umut.beispiel@example.com,+49 89 0013672,60,80333,2024-01-13,M54.5,dob confirmed 15/03/1990
P000029,Beispiel^Julia,julia.beispiel@example.com,+49 89 2440674,55,81541,2024-09-20,I25.10,vpn from 192.168.1.145 and 2001:db8::145
P000030,Hoffmann^Søren,søren.hoffmann@example.org,+49 89 3110726,65,80331,2024-01-19,I25.10,ifsc HDFC0001234 000123456789 on record
P000031,Koch^Mehmet,mehmet.koch@example.org,+49 89 7541370,39,81549,2024-10-04,K21.0,insurance card 4111 1111 1111 1111 on file
P000032,Wagner^Tanja,tanja.wagner@example.net,+49 89 7057194,41,81549,2024-02-18,F32.1,passport J0451447 checked
P000033,Fischer^Rosa,rosa.fischer@example.net,+49 89 5449405,63,81549,2024-01-16,N18.3,follow-up in 6 weeks
P000034,Fischer^Carla,carla.fischer@example.net,+49 89 1579908,60,80331,2024-07-09,I25.10,order ref 1234567890123 pending
P000035,Koch^Mehmet,mehmet.koch@example.org,+49 89 8669812,47,81549,2024-09-26,E11.9,api token sk-live_b5a0bc2abf0c130d rotated
P000036,Bauer^Müller,müller.bauer@example.net,+49 89 3633914,57,80333,2024-06-18,E78.5,contact patient at müller@example.com
P000037,Wagner^Bruno,bruno.wagner@example.net,+49 89 5729482,43,81541,2024-10-17,I10,ifsc HDFC0001234 000123456789 on record
P000038,Demo^Alice,alice.demo@example.net,+49 89 1077874,57,01067,2023-08-19,J06.9,callback +49 89 1767514
P000039,Schmidt^Alice,alice.schmidt@example.org,+49 89 1153998,35,81541,2024-02-18,F32.1,vpn from 192.168.1.17 and 2001:db8::17
P000040,Yilmaz^Ingrid,ingrid.yilmaz@example.net,+49 89 4990039,31,80333,2024-12-24,E78.5,contact patient at ingrid@example.com
P000041,Probe^Lena,lena.probe@example.org,+49 89 0373567,51,81541,2024-07-04,K21.0,
P000042,Wagner^Zora,zora.wagner@example.com,+49 89 9233097,63,85354,2024-02-12,K21.0,insurance card 4111 1111 1111 1111 on file
P000043,Hoffmann^Petra,petra.hoffmann@example.org,+49 89 3265431,67,81549,2024-01-03,I10,dob confirmed 15/03/1990
P000044,Wagner^Quentin,quentin.wagner@example.net,+49 89 8908362,57,80331,2024-06-03,J06.9,vehicle MH 12 AB 2240 in lot
P000045,Schmidt^Olaf,olaf.schmidt@example.org,+49 89 4741053,50,04103,2022-08-11,K21.0,insurance card 4111 1111 1111 1111 on file
P000046,Nowak^Fatma,fatma.nowak@example.org,+49 89 3784959,32,85354,2024-11-14,N18.3,api token sk-live_c840a7aed225828e rotated
P000047,Weber^Hana,hana.weber@example.net,+49 89 4055984,45,80331,2024-02-25,E78.5,api token sk-live_5cee0cec3f6a4086 rotated
P000048,Schmidt^Zora,zora.schmidt@example.org,+49 89 6366063,67,80333,2024-02-08,E11.9,contact patient at zora@example.com
P000049,Test^Zora,zora.test@example.com,+49 89 8011739,66,85354,2024-08-09,E11.9,ifsc HDFC0001234 000123456789 on record
P000050,Schmidt^Lena,lena.schmidt@example.com,+49 89 1989211,45,81549,2024-07-01,K21.0,"treated at Apollo Hospital, transferred from HDFC Bank clinic"
P000051,Muster^Mehmet,mehmet.muster@example.org,+49 89 6655931,55,81541,2024-07-22,E78.5,ssn 123-45-6789 verified
P000052,Schäfer^Quentin,quentin.schäfer@example.net,+49 89 5006033,40,80331,2024-09-12,J06.9,follow-up in 6 weeks
P000053,Hoffmann^Julia,julia.hoffmann@example.com,+49 89 5578398,52,85354,2024-05-17,J06.9,vehicle MH 12 AB 3872 in lot
P000054,Koch^Julia,julia.koch@example.com,+49 89 1625364,69,81541,2024-10-21,J06.9,ifsc HDFC0001234 000123456789 on record
P000055,Schmidt^Julia,julia.schmidt@example.net,+49 89 1776687,52,81541,2024-04-08,J06.9,history of diabetes and hypertension
P000056,Fischer^Vera,vera.fischer@example.net,+49 89 4051623,30,81549,2024-11-16,M54.5,
P000057,Schmidt^Alice,alice.schmidt@example.org,+49 89 8558823,48,80333,2024-11-26,M54.5,passport J3434277 checked
P000058,Muster^Karim,karim.muster@example.com,+49 89 4339347,57,81549,2024-01-03,N18.3,follow-up in 6 weeks
P000059,Koch^Lena,lena.koch@example.com,+49 89 7041933,34,80333,2024-08-09,J45.909,
P000060,Becker^Georg,georg.becker@example.org,+49 89 4943491,41,85354,2024-07-28,M54.5,ssn 123-45-6789 verified
P000061,Test^Mehmet,mehmet.test@example.org,+49 89 4297225,41,85354,2024-01-04,F32.1,portal access via https://internal.clinic.example/records/P000061
P000062,Bauer^Nadia,nadia.bauer@example.com,+49 89 8143134,52,80333,2024-06-17,F32.1,"lives at 322 MG Road, Pune 411001"
P000063,Krüger^Stefan,stefan.krüger@example.net,+49 89 5069597,47,20095,2024-03-24,I25.10,"lives at 107 MG Road, Pune 411001"
P000064,Demo^Olaf,olaf.demo@example.org,+49 89 0069857,37,01067,2022-10-07,M54.5,vpn from 192.168.1.157 and 2001:db8::157
P000065,Rossi^Zora,zora.rossi@example.org,+49 89 1173620,45,81549,2024-01-14,I25.10,contact patient at zora@example.com
P000066,Demo^Olaf,olaf.demo@example.org,+49 89 0068922,53,81549,2024-08-19,J06.9,ssn 123-45-6789 verified
P000067,Schmidt^Yusuf,yusuf.schmidt@example.org,+49 89 8451501,55,80333,2024-01-09,N18.3,"lives at 341 MG Road, Pune 411001"
P000068,Muster^Umut,umut.muster@example.org,+49 89 8216249,67,99998,2019-06-15,I10,contact patient at umut@example.com
P000069,Fischer^Quentin,quentin.fischer@example.net,+49 89 0924553,37,81549,2024-01-19,I10,insurance card 4111 1111 1111 1111 on file
P000070,Fischer^Lena,lena.fischer@example.com,+49 89 6507157,53,85354,2024-11-26,I25.10,ifsc HDFC0001234 000123456789 on record
P000071,Nowak^Hana,hana.nowak@example.org,+49 89 8819320,39,85354,2024-02-21,I25.10,dob confirmed 15/03/1990
P000072,Fischer^Umut,umut.fischer@example.org,+49 89 5865663,68,81541,2024-10-24,F32.1,vpn from 192.168.1.140 and 2001:db8::140
P000073,Koch^Yusuf,yusuf.koch@example.org,+49 89 5217365,63,80333,2024-09-18,N18.3,follow-up in 6 weeks
P000074,Fischer^Émile,émile.fischer@example.org,+49 89 8890798,50,81541,2024-06-23,K21.0,"treated at Apollo Hospital, transferred from HDFC Bank clinic"
P000075,Fischer^Mehmet,mehmet.fischer@example.org,+49 89 1386824,68,81549,2024-09-05,K21.0,
P000076,Weber^Deniz,deniz.weber@example.net,+49 89 6498219,36,81541,2024-06-14,J45.909,history of diabetes and hypertension
P000077,Rossi^Søren,søren.rossi@example.net,+49 89 1646693,31,81549,2024-10-07,K21.0,
P000078,Hoffmann^Erik,erik.hoffmann@example.org,+49 89 7808820,46,81541,2024-09-11,I10,follow-up in 6 weeks
P000079,Becker^Petra,petra.becker@example.org,+49 89 9220724,38,80331,2024-07-17,M54.5,dob confirmed 15/03/1990
P000080,Krüger^Georg,georg.krüger@example.org,+49 89 5157123,44,80331,2024-03-11,J06.9,callback +49 89 6285273
P000081,Weber^Mehmet,mehmet.weber@example.com,+49 89 1824725,54,85354,2024-02-14,M54.5,follow-up in 6 weeks
P000082,Krüger^Hana,hana.krüger@example.net,+49 89 4394564,62,81549,2024-12-20,I25.10,dob confirmed 15/03/1990
P000083,Beispiel^Julia,julia.beispiel@example.org,+49 89 4784083,63,99998,2022-09-02,E78.5,
P000084,Schäfer^Deniz,deniz.schäfer@example.com,+49 89 9146339,46,85354,2024-09-07,J45.909,order ref 1234567890123 pending
P000085,Probe^Stefan,stefan.probe@example.com,+49 89 5736690,39,01067,2022-04-25,M54.5,follow-up in 6 weeks
P000086,Schmidt^Müller,müller.schmidt@example.org,+49 89 8597857,67,80331,2024-05-17,K21.0,ssn 123-45-6789 verified
P000087,Wagner^Vera,vera.wagner@example.net,+49 89 9708440,62,81549,2024-08-07,E78.5,refund to DE89 3704 0044 0532 0130 00 approved
P000088,Schmidt^Nadia,nadia.schmidt@example.net,+49 89 9983666,57,80333,2024-06-19,N18.3,vpn from 192.168.1.145 and 2001:db8::145
P000089,Schmidt^Mehmet,mehmet.schmidt@example.net,+49 89 4028579,57,80331,2024-10-01,F32.1,ssn 123-45-6789 verified
P000090,Fischer^Erik,erik.fischer@example.net,+49 89 6711540,60,85354,2024-03-13,N18.3,follow-up in 6 weeks
P000091,Weber^Lena,lena.weber@example.com,+49 89 9915396,30,80333,2024-10-18,N18.3,follow-up in 6 weeks
P000092,Hoffmann^Ingrid,ingrid.hoffmann@example.net,+49 89 1645891,66,85354,2024-06-17,E78.5,dob confirmed 15/03/1990
P000093,Muster^Søren,søren.muster@example.com,+49 89 9364798,49,80333,2024-12-26,I10,vehicle MH 12 AB 5438 in lot
P000094,Probe^Carla,carla.probe@example.org,+49 89 9681456,20,20095,2024-01-15,M54.5,callback +49 89 8022718
P000095,Nowak^Deniz,deniz.nowak@example.org,+49 89 2442776,49,85354,2024-05-23,F32.1,order ref 1234567890123 pending
P000096,Schäfer^Mehmet,mehmet.schäfer@example.net,+49 89 0171093,62,80333,2024-05-28,M54.5,"lives at 187 MG Road, Pune 411001"
P000097,Krüger^Quentin,quentin.krüger@example.net,+49 89 5980743,19,01067,2019-11-21,M54.5,contact patient at quentin@example.com
P000098,Wagner^Fatma,fatma.wagner@example.net,+49 89 4932857,68,81541,2024-04-19,J06.9,callback +49 89 3406986
P000099,Weber^Alice,alice.weber@example.org,+49 89 7776338,37,81541,2024-01-22,I25.10,dob confirmed 15/03/1990
P000100,Yilmaz^Stefan,stefan.yilmaz@example.org,+49 89 6353247,45,81541,2024-01-13,E78.5,vpn from 192.168.1.149 and 2001:db8::149
P000101,Fischer^Xenia,xenia.fischer@example.org,+49 89 6707442,37,80333,2024-03-14,F32.1,callback +49 89 4844600
P000102,Krüger^Umut,umut.krüger@example.net,+49 89 1914881,64,81541,2024-07-17,M54.5,portal access via https://internal.clinic.example/records/P000102
P000103,Beispiel^Tanja,tanja.beispiel@example.net,+49 89 9692043,30,81549,2024-01-15,N18.3,follow-up in 6 weeks
P000104,Becker^Émile,émile.becker@example.com,+49 89 7350119,29,20095,2024-12-13,J45.909,referred by Dr. Émile Becker
P000105,Koch^Müller,müller.koch@example.net,+49 89 2785044,68,85354,2024-02-06,M54.5,ssn 123-45-6789 verified
P000106,Beispiel^Julia,julia.beispiel@example.com,+49 89 8142474,33,85354,2024-07-12,E11.9,"lives at 287 MG Road, Pune 411001"
P000107,Yilmaz^Zora,zora.yilmaz@example.org,+49 89 5053099,49,81541,2024-01-21,E11.9,ifsc HDFC0001234 000123456789 on record
P000108,Schmidt^Carla,carla.schmidt@example.com,+49 89 0923306,65,81541,2024-06-26,N18.3,api token sk-live_fe96a44adbb844fb rotated
P000109,Bauer^Vera,vera.bauer@example.org,+49 89 6068434,57,80331,2024-01-04,I10,history of diabetes and hypertension
P000110,Beispiel^Mehmet,mehmet.beispiel@example.org,+49 89 1407918,59,81541,2024-11-23,I25.10,contact patient at mehmet@example.com
P000111,Weber^Alice,alice.weber@example.net,+49 89 6144075,64,01067,2023-02-21,E78.5,contact patient at alice@example.com
P000112,Schmidt^Hana,hana.schmidt@example.com,+49 89 5104186,59,85354,2024-09-27,E11.9,callback +49 89 3581781
P000113,Muster^Tanja,tanja.muster@example.net,+49 89 5022736,45,80333,2024-01-05,E78.5,ifsc HDFC0001234 000123456789 on record
P000114,Rossi^Stefan,stefan.rossi@example.com,+49 89 8643968,40,80333,2024-08-09,J45.909,insurance card 4111 1111 1111 1111 on file
P000115,Test^Ingrid,ingrid.test@example.net,+49 89 9298622,54,80333,2024-08-01,I25.10,refund to DE89 3704 0044 0532 0130 00 approved
P000116,Schmidt^Bruno,bruno.schmidt@example.net,+49 89 6865369,45,80331,2024-04-12,I10,passport J0557334 checked
P000117,Koch^Xenia,xenia.koch@example.net,+49 89 3237416,35,80333,2024-09-25,K21.0,ssn 123-45-6789 verified
P000118,Test^Tanja,tanja.test@example.com,+49 89 7700109,38,85354,2024-08-19,K21.0,follow-up in 6 weeks
P000119,Koch^Ingrid,ingrid.koch@example.org,+49 89 8260072,47,81541,2024-05-18,I10,order ref 1234567890123 pending
P000120,Fischer^Ingrid,ingrid.fischer@example.net,+49 89 8580205,45,80331,2024-10-06,M54.5,
P000121,Nowak^Olaf,olaf.nowak@example.com,+49 89 4302689,33,81541,2024-04-27,N18.3,refund to DE89 3704 0044 0532 0130 00 approved
P000122,Test^Erik,erik.test@example.com,+49 89 8371400,57,80333,2024-12-01,F32.1,callback +49 89 7210225
P000123,Schäfer^Mehmet,mehmet.schäfer@example.net,+49 89 8309533,41,85354,2024-05-11,J06.9,vpn from 192.168.1.27 and 2001:db8::27
P000124,Hoffmann^Igor,igor.hoffmann@example.net,+49 89 5480079,56,85354,2024-03-14,N18.3,order ref 1234567890123 pending
P000125,Becker^Stefan,stefan.becker@example.org,+49 89 2079221,67,80333,2024-01-09,I25.10,
P000126,Wagner^Petra,petra.wagner@example.com,+49 89 7420633,50,80333,2024-11-11,J06.9,vehicle MH 12 AB 2060 in lot
P000127,Schäfer^Hana,hana.schäfer@example.org,+49 89 0039433,49,99998,2024-02-22,J06.9,
P000128,Hoffmann^Nadia,nadia.hoffmann@example.org,+49 89 6195264,55,80333,2024-09-22,J06.9,contact patient at nadia@example.com
P000129,Demo^Deniz,deniz.demo@example.org,+49 89 0089238,56,80333,2024-11-10,I10,vehicle MH 12 AB 2327 in lot
P000130,Hoffmann^Umut,umut.hoffmann@example.org,+49 89 4530184,66,80331,2024-05-06,E78.5,referred by Dr. Umut Hoffmann
P000131,Weber^Müller,müller.weber@example.com,+49 89 2082372,61,80331,2024-05-19,J06.9,"lives at 380 MG Road, Pune 411001"
P000132,Test^Deniz,deniz.test@example.net,+49 89 9758908,42,81549,2024-12-09,M54.5,
P000133,Nowak^Nadia,nadia.nowak@example.net,+49 89 2747066,64,99998,2023-10-19,M54.5,
P000134,Hoffmann^Stefan,stefan.hoffmann@example.com,+49 89 7196335,39,80331,2024-09-22,M54.5,
P000135,Koch^Tanja,tanja.koch@example.net,+49 89 0243805,47,81549,2024-09-09,E11.9,referred by Dr. Tanja Koch
P000136,Bauer^Zora,zora.bauer@example.org,+49 89 1057380,33,80331,2024-12-21,K21.0,ssn 123-45-6789 verified
P000137,Weber^Bruno,bruno.weber@example.com,+49 89 6262883,52,81541,2024-04-18,N18.3,insurance card 4111 1111 1111 1111 on file
P000138,Becker^Ingrid,ingrid.becker@example.com,+49 89 2323729,56,81549,2024-06-25,K21.0,callback +49 89 4080176
P000139,Koch^Mehmet,mehmet.koch@example.net,+49 89 2797406,55,80331,2024-05-12,K21.0,api token sk-live_eaaabe15ebe17ee3 rotated
P000140,Yilmaz^Alice,alice.yilmaz@example.org,+49 89 0457089,39,81549,2024-09-17,E11.9,vpn from 192.168.1.173 and 2001:db8::173
P000141,Muster^Émile,émile.muster@example.org,+49 89 4970727,41,80333,2024-01-25,I10,
P000142,Schäfer^Bruno,bruno.schäfer@example.net,+49 89 8776787,29,99998,2023-07-19,K21.0,vehicle MH 12 AB 2498 in lot
P000143,Rossi^Deniz,deniz.rossi@example.net,+49 89 1752741,39,80331,2024-01-03,I25.10,order ref 1234567890123 pending
P000144,Muster^Rosa,rosa.muster@example.org,+49 89 8366608,65,80333,2024-02-15,I25.10,contact patient at rosa@example.com
P000145,Fischer^Wolfgang,wolfgang.fischer@example.com,+49 89 8077994,49,20095,2020-10-03,E78.5,portal access via https://internal.clinic.example/records/P000145
P000146,Beispiel^Ingrid,ingrid.beispiel@example.com,+49 89 5054371,33,81549,2024-05-20,I10,referred by Dr. Ingrid Beispiel
P000147,Probe^Quentin,quentin.probe@example.com,+49 89 8747871,48,85354,2024-11-09,F32.1,order ref 1234567890123 pending
P000148,Nowak^Xenia,xenia.nowak@example.net,+49 89 0211366,64,81549,2024-12-11,M54.5,ssn 123-45-6789 verified
P000149,Koch^Wolfgang,wolfgang.koch@example.com,+49 89 9510477,37,81541,2024-07-06,F32.1,vpn from 192.168.1.210 and 2001:db8::210
P000150,Rossi^Nadia,nadia.rossi@example.com,+49 89 8331257,60,81541,2024-01-01,F32.1,
P000151,Hoffmann^Julia,julia.hoffmann@example.com,+49 89 6380996,31,81549,2024-06-19,J06.9,dob confirmed 15/03/1990
P000152,Bauer^Julia,julia.bauer@example.org,+49 89 4890357,68,81541,2024-12-05,J45.909,"treated at Apollo Hospital, transferred from HDFC Bank clinic"
P000153,Rossi^Wolfgang,wolfgang.rossi@example.org,+49 89 9003116,33,81541,2024-03-05,N18.3,passport J6652374 checked
P000154,Koch^Olaf,olaf.koch@example.net,+49 89 4880465,50,80333,2024-05-24,K21.0,referred by Dr. Olaf Koch
P000155,Bauer^Nadia,nadia.bauer@example.com,+49 89 9611094,49,81541,2024-01-16,J06.9,ifsc HDFC0001234 000123456789 on record
P000156,Nowak^Wolfgang,wolfgang.nowak@example.org,+49 89 8519967,43,80333,2024-04-23,E11.9,insurance card 4111 1111 1111 1111 on file
P000157,Wagner^Émile,émile.wagner@example.com,+49 89 7503193,56,81549,2024-06-19,N18.3,ifsc HDFC0001234 000123456789 on record
P000158,Probe^Igor,igor.probe@example.com,+49 89 6955753,34,81549,2024-09-03,I10,follow-up in 6 weeks
P000159,Schmidt^Tanja,tanja.schmidt@example.com,+49 89 7862862,54,81541,2024-05-10,M54.5,history of diabetes and hypertension
P000160,Schäfer^Petra,petra.schäfer@example.net,+49 89 7249621,55,80333,2024-11-14,F32.1,vpn from 192.168.1.168 and 2001:db8::168
P000161,Probe^Georg,georg.probe@example.net,+49 89 9275086,66,85354,2024-05-12,E78.5,ssn 123-45-6789 verified
P000162,Weber^Fatma,fatma.weber@example.net,+49 89 4115116,43,81549,2024-10-26,F32.1,portal access via https://internal.clinic.example/records/P000162
P000163,Fischer^Umut,umut.fischer@example.org,+49 89 6355325,36,80331,2024-08-21,E78.5,refund to DE89 3704 0044 0532 0130 00 approved
P000164,Test^Hana,hana.test@example.com,+49 89 6315223,83,04103,2023-02-05,N18.3,referred by Dr. Hana Test
P000165,Probe^Yusuf,yusuf.probe@example.com,+49 89 4192427,66,81541,2024-09-22,M54.5,referred by Dr. Yusuf Probe
P000166,Test^Umut,umut.test@example.net,+49 89 1589657,62,80331,2024-10-19,F32.1,passport J4902919 checked
P000167,Hoffmann^Müller,müller.hoffmann@example.com,+49 89 5136710,37,01067,2024-06-05,E78.5,vehicle MH 12 AB 0319 in lot
P000168,Muster^Mehmet,mehmet.muster@example.net,+49 89 7149290,58,81541,2024-09-06,F32.1,order ref 1234567890123 pending
P000169,Weber^Nadia,nadia.weber@example.net,+49 89 8794403,42,80333,2024-04-11,K21.0,passport J7128566 checked
P000170,Rossi^Olaf,olaf.rossi@example.com,+49 89 6061557,51,81541,2024-11-28,E11.9,referred by Dr. Olaf Rossi
P000171,Beispiel^Mehmet,mehmet.beispiel@example.org,+49 89 5167794,48,80331,2024-07-25,J06.9,refund to DE89 3704 0044 0532 0130 00 approved
P000172,Yilmaz^Müller,müller.yilmaz@example.net,+49 89 7425667,49,80331,2024-05-19,N18.3,passport J1494401 checked
P000173,Probe^Petra,petra.probe@example.org,+49 89 3929358,37,80331,2024-05-10,F32.1,callback +49 89 1695532
P000174,Schmidt^Erik,erik.schmidt@example.com,+49 89 3632444,53,85354,2024-07-12,N18.3,contact patient at erik@example.com
P000175,Muster^Hana,hana.muster@example.org,+49 89 7386232,64,80333,2024-01-23,J06.9,history of diabetes and hypertension
P000176,Krüger^Émile,émile.krüger@example.org,+49 89 5002181,47,80333,2024-03-16,E11.9,order ref 1234567890123 pending
P000177,Nowak^Mehmet,mehmet.nowak@example.com,+49 89 6123736,47,81541,2024-07-10,J45.909,
P000178,Krüger^Stefan,stefan.krüger@example.com,+49 89 4956898,44,85354,2024-04-13,K21.0,
P000179,Test^Ingrid,ingrid.test@example.com,+49 89 2479588,40,85354,2024-03-07,N18.3,follow-up in 6 weeks
P000180,Krüger^Erik,erik.krüger@example.com,+49 89 4639138,63,80333,2024-08-27,E11.9,callback +49 89 3432896
P000181,Demo^Karim,karim.demo@example.org,+49 89 9756685,43,81541,2024-08-23,I25.10,"lives at 330 MG Road, Pune 411001"
P000182,Wagner^Lena,lena.wagner@example.org,+49 89 1081008,67,80331,2024-05-02,J45.909,contact patient at lena@example.com
P000183,Fischer^Julia,julia.fischer@example.net,+49 89 2342291,55,80331,2024-03-27,I25.10,"lives at 138 MG Road, Pune 411001"
P000184,Demo^Yusuf,yusuf.demo@example.net,+49 89 1700430,68,80331,2024-03-11,F32.1,follow-up in 6 weeks
P000185,Schmidt^Quentin,quentin.schmidt@example.com,+49 89 6448778,35,80333,2024-03-12,F32.1,ssn 123-45-6789 verified
P000186,Nowak^Julia,julia.nowak@example.net,+49 89 2939835,48,80333,2024-11-13,I25.10,insurance card 4111 1111 1111 1111 on file
P000187,Koch^Mehmet,mehmet.koch@example.net,+49 89 8874583,55,81541,2024-12-10,J45.909,api token sk-live_47bd0fd9a9230d5d rotated
P000188,Demo^Petra,petra.demo@example.org,+49 89 3526910,53,80333,2024-10-09,I10,portal access via https://internal.clinic.example/records/P000188
P000189,Schäfer^Lena,lena.schäfer@example.org,+49 89 5319407,63,99998,2024-09-08,J06.9,callback +49 89 5935103
P000190,Schmidt^Carla,carla.schmidt@example.org,+49 89 0870756,89,99998,2022-11-06,F32.1,insurance card 4111 1111 1111 1111 on file
P000191,Probe^Yusuf,yusuf.probe@example.net,+49 89 6348695,50,80333,2024-08-12,J06.9,order ref 1234567890123 pending
P000192,Probe^Olaf,olaf.probe@example.org,+49 89 1820422,49,80331,2024-12-05,E78.5,ssn 123-45-6789 verified
P000193,Schmidt^Petra,petra.schmidt@example.com,+49 89 3064859,56,85354,2024-03-26,E11.9,callback +49 89 8688046
P000194,Krüger^Yusuf,yusuf.krüger@example.org,+49 89 3775331,31,81549,2024-07-24,I25.10,referred by Dr. Yusuf Krüger
P000195,Yilmaz^Karim,karim.yilmaz@example.net,+49 89 1663474,46,80333,2024-12-14,N18.3,follow-up in 6 weeks
P000196,Schmidt^Rosa,rosa.schmidt@example.com,+49 89 5558498,47,81541,2024-06-19,F32.1,ssn 123-45-6789 verified
P000197,Hoffmann^Zora,zora.hoffmann@example.com,+49 89 0624762,72,20095,2023-12-24,F32.1,api token sk-live_63940232cf92f8e5 rotated
P000198,Krüger^Zora,zora.krüger@example.com,+49 89 3864043,44,80333,2024-08-27,J06.9,portal access via https://internal.clinic.example/records/P000198
P000199,Rossi^Müller,müller.rossi@example.org,+49 89 8953385,34,81541,2024-04-08,E78.5,history of diabetes and hypertension
P000200,Schäfer^Nadia,nadia.schäfer@example.org,+49 89 1498397,37,81549,2024-11-27,N18.3,"treated at Apollo Hospital, transferred from HDFC Bank clinic"
P000201,Krüger^Mehmet,mehmet.krüger@example.org,+49 89 8575824,60,85354,2024-07-11,J06.9,dob confirmed 15/03/1990
P000202,Wagner^Xenia,xenia.wagner@example.org,+49 89 5433277,71,01067,2019-10-05,I25.10,dob confirmed 15/03/1990
P000203,Test^Ingrid,ingrid.test@example.com,+49 89 4950175,59,81549,2024-03-15,N18.3,insurance card 4111 1111 1111 1111 on file
P000204,Yilmaz^Hana,hana.yilmaz@example.net,+49 89 1932188,39,81541,2024-11-25,E11.9,refund to DE89 3704 0044 0532 0130 00 approved
P000205,Hoffmann^Deniz,deniz.hoffmann@example.net,+49 89 7722663,54,85354,2024-09-20,E78.5,
P000206,Wagner^Petra,petra.wagner@example.org,+49 89 3343757,39,81541,2024-03-06,E78.5,follow-up in 6 weeks
P000207,Probe^Rosa,rosa.probe@example.net,+49 89 9065584,41,80331,2024-11-12,K21.0,order ref 1234567890123 pending
P000208,Hoffmann^Hana,hana.hoffmann@example.net,+49 89 7625413,32,81549,2024-06-23,N18.3,"lives at 20 MG Road, Pune 411001"
P000209,Test^Petra,petra.test@example.net,+49 89 8559327,32,85354,2024-03-01,F32.1,dob confirmed 15/03/1990
P000210,Fischer^Alice,alice.fischer@example.com,+49 89 9327773,46,80333,2024-05-02,N18.3,order ref 1234567890123 pending
P000211,Yilmaz^Karim,karim.yilmaz@example.org,+49 89 6417157,45,01067,2019-09-02,J45.909,ssn 123-45-6789 verified
P000212,Weber^Carla,carla.weber@example.net,+49 89 1888680,32,85354,2024-08-02,M54.5,ifsc HDFC0001234 000123456789 on record
P000213,Krüger^Wolfgang,wolfgang.krüger@example.com,+49 89 6309530,30,81541,2024-09-02,K21.0,vpn from 192.168.1.68 and 2001:db8::68
P000214,Test^Søren,søren.test@example.org,+49 89 5364118,44,80333,2024-03-03,F32.1,ssn 123-45-6789 verified
P000215,Krüger^Lena,lena.krüger@example.net,+49 89 7413502,38,81541,2024-02-10,K21.0,follow-up in 6 weeks
P000216,Rossi^Rosa,rosa.rossi@example.com,+49 89 3525494,33,81549,2024-04-12,I25.10,dob confirmed 15/03/1990
P000217,Probe^Wolfgang,wolfgang.probe@example.net,+49 89 3190492,47,81541,2024-10-22,F32.1,referred by Dr. Wolfgang Probe
P000218,Wagner^Julia,julia.wagner@example.com,+49 89 6181257,43,99998,2020-01-02,M54.5,"treated at Apollo Hospital, transferred from HDFC Bank clinic"
P000219,Yilmaz^Zora,zora.yilmaz@example.org,+49 89 8089725,40,80331,2024-01-23,J45.909,
P000220,Bauer^Fatma,fatma.bauer@example.net,+49 89 1677531,65,81549,2024-08-18,M54.5,passport J0240501 checked
P000221,Wagner^Hana,hana.wagner@example.org,+49 89 3180009,40,81549,2024-02-08,M54.5,order ref 1234567890123 pending
P000222,Demo^Olaf,olaf.demo@example.com,+49 89 6385134,65,81541,2024-12-26,I10,"treated at Apollo Hospital, transferred from HDFC Bank clinic"
P000223,Becker^Émile,émile.becker@example.org,+49 89 1056288,35,80333,2024-05-14,J06.9,dob confirmed 15/03/1990
P000224,Krüger^Georg,georg.krüger@example.com,+49 89 3766904,50,80331,2024-11-17,E78.5,follow-up in 6 weeks
P000225,Krüger^Ingrid,ingrid.krüger@example.net,+49 89 6950856,67,80333,2024-03-17,F32.1,"treated at Apollo Hospital, transferred from HDFC Bank clinic"
P000226,Beispiel^Müller,müller.beispiel@example.com,+49 89 0310004,30,81549,2024-07-21,E78.5,"lives at 128 MG Road, Pune 411001"
P000227,Nowak^Yusuf,yusuf.nowak@example.net,+49 89 2686845,37,80331,2024-02-25,E78.5,contact patient at yusuf@example.com
P000228,Probe^Petra,petra.probe@example.com,+49 89 4313278,90,99998,2020-10-15,J45.909,dob confirmed 15/03/1990
P000229,Rossi^Xenia,xenia.rossi@example.net,+49 89 0353772,43,81549,2024-03-08,F32.1,"lives at 117 MG Road, Pune 411001"
P000230,Wagner^Nadia,nadia.wagner@example.net,+49 89 7378176,62,85354,2024-10-15,E11.9,ifsc HDFC0001234 000123456789 on record
P000231,Fischer^Fatma,fatma.fischer@example.com,+49 89 8928044,40,81541,2024-11-21,J45.909,dob confirmed 15/03/1990
P000232,Muster^Tanja,tanja.muster@example.org,+49 89 8587724,41,80331,2024-04-13,M54.5,ssn 123-45-6789 verified
P000233,Weber^Wolfgang,wolfgang.weber@example.org,+49 89 4125272,43,80333,2024-05-12,I25.10,order ref 1234567890123 pending
P000234,Yilmaz^Olaf,olaf.yilmaz@example.com,+49 89 2286050,54,81549,2024-09-12,M54.5,order ref 1234567890123 pending
P000235,Schmidt^Émile,émile.schmidt@example.com,+49 89 5667778,65,81541,2024-09-14,J45.909,
P000236,Bauer^Ingrid,ingrid.bauer@example.net,+49 89 2463360,65,85354,2024-05-17,F32.1,ifsc HDFC0001234 000123456789 on record
P000237,Schmidt^Rosa,rosa.schmidt@example.org,+49 89 2099294,83,99998,2019-04-07,N18.3,passport J7072559 checked
P000238,Schmidt^Søren,søren.schmidt@example.org,+49 89 0156145,65,80331,2024-11-03,M54.5,passport J8764083 checked
P000239,Hoffmann^Quentin,quentin.hoffmann@example.net,+49 89 3029837,78,01067,2022-10-13,M54.5,follow-up in 6 weeks
P000240,Becker^Rosa,rosa.becker@example.net,+49 89 7853801,42,80331,2024-01-19,K21.0,vehicle MH 12 AB 9817 in lot
P000241,Muster^Yusuf,yusuf.muster@example.net,+49 89 1826127,31,85354,2024-06-05,K21.0,callback +49 89 6728327
P000242,Demo^Yusuf,yusuf.demo@example.net,+49 89 5235198,44,81549,2024-04-14,E78.5,"lives at 214 MG Road, Pune 411001"
P000243,Rossi^Yusuf,yusuf.rossi@example.com,+49 89 5766601,43,80333,2024-04-27,N18.3,
P000244,Rossi^Stefan,stefan.rossi@example.com,+49 89 7449247,49,81549,2024-02-25,N18.3,ssn 123-45-6789 verified
P000245,Krüger^Fatma,fatma.krüger@example.org,+49 89 8695807,69,20095,2022-01-07,N18.3,passport J7819577 checked
P000246,Muster^Søren,søren.muster@example.org,+49 89 1776386,51,04103,2020-04-23,I10,insurance card 4111 1111 1111 1111 on file
P000247,Weber^Xenia,xenia.weber@example.net,+49 89 7337818,22,20095,2021-05-21,I25.10,insurance card 4111 1111 1111 1111 on file
P000248,Krüger^Olaf,olaf.krüger@example.net,+49 89 1198089,18,04103,2020-09-14,J45.909,insurance card 4111 1111 1111 1111 on file
P000249,Beispiel^Lena,lena.beispiel@example.net,+49 89 0841937,45,81541,2024-06-15,I10,"lives at 236 MG Road, Pune 411001"
P000250,Beispiel^Zora,zora.beispiel@example.net,+49 89 5846919,67,20095,2022-03-19,E78.5,"treated at Apollo Hospital, transferred from HDFC Bank clinic"
P000251,Weber^Müller,müller.weber@example.com,+49 89 6924012,35,85354,2024-10-05,N18.3,refund to DE89 3704 0044 0532 0130 00 approved
P000252,Schäfer^Zora,zora.schäfer@example.net,+49 89 0487703,62,81549,2024-01-14,E11.9,vpn from 192.168.1.240 and 2001:db8::240
P000253,Beispiel^Wolfgang,wolfgang.beispiel@example.net,+49 89 6773965,60,81541,2024-09-04,N18.3,
P000254,Test^Deniz,deniz.test@example.org,+49 89 3555201,58,81541,2024-10-17,I10,dob confirmed 15/03/1990
P000255,Koch^Nadia,nadia.koch@example.net,+49 89 0931945,43,01067,2020-12-04,E78.5,passport J6899944 checked
P000256,Schäfer^Søren,søren.schäfer@example.com,+49 89 6887386,83,01067,2024-09-19,E11.9,dob confirmed 15/03/1990
P000257,Weber^Stefan,stefan.weber@example.net,+49 89 5793260,42,20095,2020-06-18,J06.9,referred by Dr. Stefan Weber
P000258,Koch^Quentin,quentin.koch@example.com,+49 89 5410032,39,81549,2024-01-07,M54.5,referred by Dr. Quentin Koch
P000259,Schäfer^Wolfgang,wolfgang.schäfer@example.net,+49 89 8027886,56,80331,2024-07-14,J06.9,follow-up in 6 weeks
P000260,Krüger^Tanja,tanja.krüger@example.com,+49 89 5995969,66,81549,2024-11-21,M54.5,referred by Dr. Tanja Krüger
P000261,Rossi^Lena,lena.rossi@example.net,+49 89 5808134,46,80331,2024-10-16,I10,follow-up in 6 weeks
P000262,Schäfer^Wolfgang,wolfgang.schäfer@example.net,+49 89 9714129,35,80331,2024-12-01,I25.10,referred by Dr. Wolfgang Schäfer
P000263,Weber^Stefan,stefan.weber@example.net,+49 89 2155984,42,85354,2024-07-18,M54.5,api token sk-live_6b4dba1f02620ede rotated
P000264,Muster^Alice,alice.muster@example.org,+49 89 4704208,31,80331,2024-07-03,K21.0,follow-up in 6 weeks
P000265,Schmidt^Nadia,nadia.schmidt@example.org,+49 89 8265625,32,80333,2024-09-04,I10,insurance card 4111 1111 1111 1111 on file
P000266,Beispiel^Umut,umut.beispiel@example.com,+49 89 9536219,20,04103,2023-06-13,N18.3,ssn 123-45-6789 verified
P000267,Probe^Bruno,bruno.probe@example.org,+49 89 0096819,40,80333,2024-01-27,J06.9,dob confirmed 15/03/1990
P000268,Demo^Olaf,olaf.demo@example.com,+49 89 3889343,48,81549,2024-07-20,J06.9,refund to DE89 3704 0044 0532 0130 00 approved
P000269,Bauer^Deniz,deniz.bauer@example.org,+49 89 4897339,49,80331,2024-07-09,J06.9,"lives at 18 MG Road, Pune 411001"
P000270,Koch^Carla,carla.koch@example.net,+49 89 7939780,35,85354,2024-08-13,E11.9,portal access via https://internal.clinic.example/records/P000270
P000271,Hoffmann^Olaf,olaf.hoffmann@example.net,+49 89 9660180,57,80333,2024-06-28,N18.3,follow-up in 6 weeks
P000272,Wagner^Umut,umut.wagner@example.org,+49 89 5426870,44,80333,2024-12-15,E78.5,vehicle MH 12 AB 1783 in lot
P000273,Nowak^Nadia,nadia.nowak@example.com,+49 89 4576311,67,80333,2024-02-15,I10,passport J7965289 checked
P000274,Probe^Müller,müller.probe@example.net,+49 89 3773995,58,81541,2024-03-06,E78.5,insurance card 4111 1111 1111 1111 on file
P000275,Test^Umut,umut.test@example.com,+49 89 0573931,66,85354,2024-06-16,J45.909,"treated at Apollo Hospital, transferred from HDFC Bank clinic"
P000276,Nowak^Ingrid,ingrid.nowak@example.net,+49 89 3888533,61,80333,2024-09-21,J45.909,refund to DE89 3704 0044 0532 0130 00 approved
P000277,Muster^Müller,müller.muster@example.net,+49 89 7264981,55,85354,2024-08-11,J06.9,api token sk-live_cfb92445db8b8172 rotated
P000278,Demo^Erik,erik.demo@example.org,+49 89 5946336,66,85354,2024-12-05,E78.5,contact patient at erik@example.com
P000279,Muster^Tanja,tanja.muster@example.org,+49 89 7024378,47,85354,2024-11-11,I25.10,follow-up in 6 weeks
P000280,Wagner^Georg,georg.wagner@example.com,+49 89 9640661,66,85354,2024-06-27,E11.9,callback +49 89 8153682
P000281,Becker^Hana,hana.becker@example.net,+49 89 1785859,45,04103,2019-07-12,E11.9,dob confirmed 15/03/1990
P000282,Rossi^Ingrid,ingrid.rossi@example.com,+49 89 3346257,48,81541,2024-06-15,E78.5,refund to DE89 3704 0044 0532 0130 00 approved
P000283,Muster^Nadia,nadia.muster@example.net,+49 89 5920771,55,81549,2024-05-13,E78.5,vehicle MH 12 AB 1568 in lot
P000284,Hoffmann^Ingrid,ingrid.hoffmann@example.net,+49 89 0848881,35,85354,2024-04-22,K21.0,passport J2349825 checked
P000285,Muster^Julia,julia.muster@example.net,+49 89 6415796,50,85354,2024-08-06,K21.0,vpn from 192.168.1.197 and 2001:db8::197
P000286,Rossi^Mehmet,mehmet.rossi@example.com,+49 89 8399171,36,81541,2024-01-12,K21.0,"lives at 211 MG Road, Pune 411001"
P000287,Muster^Erik,erik.muster@example.org,+49 89 2507618,39,80331,2024-04-27,F32.1,vpn from 192.168.1.172 and 2001:db8::172
P000288,Test^Erik,erik.test@example.org,+49 89 5690978,36,85354,2024-05-08,K21.0,
P000289,Bauer^Georg,georg.bauer@example.net,+49 89 9226794,61,81541,2024-04-23,J06.9,
P000290,Nowak^Zora,zora.nowak@example.com,+49 89 1080356,57,81549,2024-01-13,J45.909,portal access via https://internal.clinic.example/records/P000290
P000291,Schmidt^Petra,petra.schmidt@example.org,+49 89 0111028,62,80333,2024-12-03,J06.9,vehicle MH 12 AB 5295 in lot
P000292,Schmidt^Vera,vera.schmidt@example.net,+49 89 9999340,46,04103,2019-04-12,K21.0,"treated at Apollo Hospital, transferred from HDFC Bank clinic"
P000293,Yilmaz^Petra,petra.yilmaz@example.com,+49 89 5686698,37,20095,2024-05-11,I25.10,"treated at Apollo Hospital, transferred from HDFC Bank clinic"
P000294,Wagner^Wolfgang,wolfgang.wagner@example.org,+49 89 3578293,21,04103,2019-03-27,N18.3,portal access via https://internal.clinic.example/records/P000294
P000295,Test^Rosa,rosa.test@example.net,+49 89 7062740,31,81541,2024-11-25,J06.9,
P000296,Test^Olaf,olaf.test@example.org,+49 89 1510731,34,81541,2024-10-27,I10,vehicle MH 12 AB 8931 in lot
P000297,Schäfer^Mehmet,mehmet.schäfer@example.org,+49 89 5559519,53,80331,2024-02-08,F32.1,insurance card 4111 1111 1111 1111 on file
P000298,Bauer^Nadia,nadia.bauer@example.net,+49 89 9413946,40,81541,2024-09-04,K21.0,
P000299,Rossi^Carla,carla.rossi@example.org,+49 89 1363575,32,80331,2024-03-06,E78.5,"lives at 175 MG Road, Pune 411001"
P000300,Fischer^Deniz,deniz.fischer@example.net,+49 89 9589001,58,80331,2024-08-26,N18.3,
P000301,Koch^Georg,georg.koch@example.org,+49 89 4501444,36,80331,2024-02-19,K21.0,portal access via https://internal.clinic.example/records/P000301
P000302,Demo^Karim,karim.demo@example.com,+49 89 3706224,46,80331,2024-08-23,F32.1,vehicle MH 12 AB 2020 in lot
P000303,Fischer^Müller,müller.fischer@example.com,+49 89 2367203,44,80331,2024-07-23,J06.9,dob confirmed 15/03/1990
P000304,Rossi^Nadia,nadia.rossi@example.com,+49 89 1003129,37,80333,2024-02-07,F32.1,
P000305,Schäfer^Georg,georg.schäfer@example.org,+49 89 7642785,38,04103,2023-07-13,I10,dob confirmed 15/03/1990
P000306,Bauer^Carla,carla.bauer@example.org,+49 89 3054689,65,85354,2024-08-06,I25.10,dob confirmed 15/03/1990
P000307,Becker^Fatma,fatma.becker@example.com,+49 89 1172428,56,80331,2024-10-08,N18.3,passport J6104681 checked
P000308,Hoffmann^Umut,umut.hoffmann@example.net,+49 89 2905429,64,85354,2024-06-28,E11.9,api token sk-live_40c7d6ee99c2b1d6 rotated
P000309,Rossi^Karim,karim.rossi@example.com,+49 89 6551203,40,85354,2024-12-06,E78.5,passport J4456458 checked
P000310,Yilmaz^Yusuf,yusuf.yilmaz@example.com,+49 89 4617157,66,80331,2024-02-05,E11.9,dob confirmed 15/03/1990
P000311,Schäfer^Ingrid,ingrid.schäfer@example.org,+49 89 4643989,36,81549,2024-04-07,M54.5,portal access via https://internal.clinic.example/records/P000311
P000312,Demo^Wolfgang,wolfgang.demo@example.com,+49 89 4829141,44,80331,2024-06-02,J45.909,
P000313,Weber^Xenia,xenia.weber@example.net,+49 89 1212833,59,85354,2024-10-20,N18.3,dob confirmed 15/03/1990
P000314,Becker^Xenia,xenia.becker@example.org,+49 89 2554036,43,80331,2024-02-17,J06.9,referred by Dr. Xenia Becker
P000315,Wagner^Lena,lena.wagner@example.com,+49 89 1385234,30,80333,2024-12-18,E11.9,ssn 123-45-6789 verified
P000316,Krüger^Carla,carla.krüger@example.org,+49 89 1987301,63,81549,2024-11-21,F32.1,refund to DE89 3704 0044 0532 0130 00 approved
P000317,Koch^Karim,karim.koch@example.com,+49 89 6824874,43,81549,2024-03-05,E11.9,passport J7585490 checked
P000318,Schäfer^Mehmet,mehmet.schäfer@example.net,+49 89 6128879,56,80333,2024-12-01,M54.5,referred by Dr. Mehmet Schäfer
P000319,Demo^Karim,karim.demo@example.net,+49 89 5335277,43,81549,2024-12-07,I10,order ref 1234567890123 pending
P000320,Yilmaz^Émile,émile.yilmaz@example.org,+49 89 6690959,31,80333,2024-07-03,F32.1,dob confirmed 15/03/1990
P000321,Krüger^Umut,umut.krüger@example.net,+49 89 6321938,63,81541,2024-10-06,N18.3,callback +49 89 9881299
P000322,Nowak^Tanja,tanja.nowak@example.org,+49 89 2891299,92,20095,2019-08-23,F32.1,"treated at Apollo Hospital, transferred from HDFC Bank clinic"
P000323,Muster^Igor,igor.muster@example.org,+49 89 6163503,52,80331,2024-05-19,E11.9,vehicle MH 12 AB 7869 in lot
P000324,Demo^Petra,petra.demo@example.net,+49 89 7025408,66,81541,2024-11-15,K21.0,"treated at Apollo Hospital, transferred from HDFC Bank clinic"
P000325,Yilmaz^Umut,umut.yilmaz@example.com,+49 89 7541039,38,81541,2024-06-20,F32.1,ssn 123-45-6789 verified
P000326,Yilmaz^Olaf,olaf.yilmaz@example.com,+49 89 3972373,57,80333,2024-11-16,E11.9,portal access via https://internal.clinic.example/records/P000326
P000327,Krüger^Wolfgang,wolfgang.krüger@example.org,+49 89 0830161,46,81541,2024-05-03,I10,vpn from 192.168.1.100 and 2001:db8::100
P000328,Rossi^Ingrid,ingrid.rossi@example.com,+49 89 5241147,32,81549,2024-05-11,I10,order ref 1234567890123 pending
P000329,Hoffmann^Alice,alice.hoffmann@example.org,+49 89 8489833,45,80333,2024-01-05,M54.5,"treated at Apollo Hospital, transferred from HDFC Bank clinic"
P000330,Becker^Georg,georg.becker@example.com,+49 89 6251501,25,01067,2019-02-13,E78.5,history of diabetes and hypertension
P000331,Wagner^Stefan,stefan.wagner@example.org,+49 89 3577767,46,81541,2024-08-24,N18.3,order ref 1234567890123 pending
P000332,Test^Petra,petra.test@example.com,+49 89 3780057,41,81541,2024-08-12,K21.0,order ref 1234567890123 pending
P000333,Schäfer^Ingrid,ingrid.schäfer@example.com,+49 89 4948348,39,85354,2024-08-16,M54.5,refund to DE89 3704 0044 0532 0130 00 approved
P000334,Koch^Søren,søren.koch@example.com,+49 89 4132033,51,81549,2024-04-10,J06.9,portal access via https://internal.clinic.example/records/P000334
P000335,Hoffmann^Fatma,fatma.hoffmann@example.org,+49 89 7833383,58,81549,2024-12-11,J45.909,history of diabetes and hypertension
P000336,Fischer^Yusuf,yusuf.fischer@example.com,+49 89 9912659,49,85354,2024-02-25,F32.1,vehicle MH 12 AB 3898 in lot
P000337,Hoffmann^Olaf,olaf.hoffmann@example.com,+49 89 9749356,48,85354,2024-06-22,M54.5,ifsc HDFC0001234 000123456789 on record
P000338,Yilmaz^Zora,zora.yilmaz@example.net,+49 89 8933632,32,85354,2024-03-02,J45.909,api token sk-live_5c055d987d9b4b9a rotated
P000339,Becker^Nadia,nadia.becker@example.net,+49 89 6144135,45,85354,2024-12-22,E11.9,"lives at 117 MG Road, Pune 411001"
P000340,Bauer^Alice,alice.bauer@example.com,+49 89 0306219,40,80331,2024-12-24,I10,vpn from 192.168.1.49 and 2001:db8::49
P000341,Probe^Carla,carla.probe@example.com,+49 89 4005324,92,01067,2023-07-22,K21.0,refund to DE89 3704 0044 0532 0130 00 approved
P000342,Yilmaz^Lena,lena.yilmaz@example.org,+49 89 5180544,20,99998,2019-11-23,E11.9,order ref 1234567890123 pending
P000343,Hoffmann^Igor,igor.hoffmann@example.org,+49 89 5867979,31,81549,2024-08-21,F32.1,ifsc HDFC0001234 000123456789 on record
P000344,Koch^Julia,julia.koch@example.net,+49 89 1079941,64,04103,2023-11-10,K21.0,contact patient at julia@example.com
P000345,Test^Yusuf,yusuf.test@example.com,+49 89 5827568,37,81541,2024-09-03,N18.3,"lives at 364 MG Road, Pune 411001"
P000346,Beispiel^Julia,julia.beispiel@example.org,+49 89 5346556,43,81541,2024-10-17,E78.5,ssn 123-45-6789 verified
P000347,Schmidt^Søren,søren.schmidt@example.net,+49 89 0645908,65,80331,2024-11-26,M54.5,follow-up in 6 weeks
P000348,Bauer^Lena,lena.bauer@example.net,+49 89 6105322,58,85354,2024-09-24,J45.909,contact patient at lena@example.com
P000349,Probe^Bruno,bruno.probe@example.com,+49 89 0274089,66,81541,2024-08-25,E11.9,order ref 1234567890123 pending
P000350,Hoffmann^Hana,hana.hoffmann@example.com,+49 89 3262718,67,81541,2024-01-08,N18.3,portal access via https://internal.clinic.example/records/P000350
P000351,Weber^Tanja,tanja.weber@example.net,+49 89 1100082,39,80333,2024-01-02,J06.9,ifsc HDFC0001234 000123456789 on record
P000352,Krüger^Erik,erik.krüger@example.net,+49 89 4477833,53,80333,2024-04-20,K21.0,ifsc HDFC0001234 000123456789 on record
P000353,Koch^Yusuf,yusuf.koch@example.net,+49 89 5965333,68,81541,2024-10-07,F32.1,dob confirmed 15/03/1990
P000354,Weber^Georg,georg.weber@example.org,+49 89 0415304,81,20095,2022-09-28,F32.1,dob confirmed 15/03/1990
P000355,Beispiel^Quentin,quentin.beispiel@example.org,+49 89 0731473,62,80333,2024-06-07,K21.0,contact patient at quentin@example.com
P000356,Demo^Hana,hana.demo@example.net,+49 89 0488566,44,81549,2024-08-04,N18.3,refund to DE89 3704 0044 0532 0130 00 approved
P000357,Schäfer^Nadia,nadia.schäfer@example.net,+49 89 2039500,49,81541,2024-10-26,J45.909,referred by Dr. Nadia Schäfer
P000358,Krüger^Alice,alice.krüger@example.org,+49 89 5369232,61,80333,2024-06-24,J06.9,"treated at Apollo Hospital, transferred from HDFC Bank clinic"
P000359,Becker^Xenia,xenia.becker@example.net,+49 89 6516256,65,81549,2024-03-21,F32.1,
P000360,Beispiel^Fatma,fatma.beispiel@example.org,+49 89 5706279,43,81541,2024-02-25,I10,passport J6277505 checked
P000361,Test^Umut,umut.test@example.org,+49 89 3910659,33,04103,2019-04-07,E11.9,history of diabetes and hypertension
P000362,Beispiel^Xenia,xenia.beispiel@example.org,+49 89 8315466,31,99998,2022-06-14,I25.10,refund to DE89 3704 0044 0532 0130 00 approved
P000363,Becker^Mehmet,mehmet.becker@example.org,+49 89 2772470,56,81549,2024-04-05,I25.10,callback +49 89 1815547
P000364,Probe^Umut,umut.probe@example.net,+49 89 0688636,43,80333,2024-03-02,N18.3,dob confirmed 15/03/1990
P000365,Demo^Bruno,bruno.demo@example.org,+49 89 9272872,64,81541,2024-01-22,N18.3,contact patient at bruno@example.com
P000366,Probe^Mehmet,mehmet.probe@example.com,+49 89 3027449,32,04103,2023-02-11,E11.9,ssn 123-45-6789 verified
P000367,Hoffmann^Deniz,deniz.hoffmann@example.org,+49 89 6105228,55,81541,2024-12-16,J45.909,dob confirmed 15/03/1990
P000368,Hoffmann^Igor,igor.hoffmann@example.com,+49 89 7900176,49,85354,2024-01-21,N18.3,dob confirmed 15/03/1990
P000369,Wagner^Fatma,fatma.wagner@example.net,+49 89 7242895,89,04103,2021-04-11,J06.9,vehicle MH 12 AB 3238 in lot
P000370,Muster^Fatma,fatma.muster@example.com,+49 89 7573607,51,80331,2024-12-18,E78.5,portal access via https://internal.clinic.example/records/P000370
P000371,Weber^Ingrid,ingrid.weber@example.com,+49 89 0383213,43,81541,2024-12-24,I25.10,follow-up in 6 weeks
P000372,Schäfer^Lena,lena.schäfer@example.com,+49 89 1864428,49,85354,2024-12-26,I25.10,vehicle MH 12 AB 8991 in lot
P000373,Fischer^Olaf,olaf.fischer@example.com,+49 89 8393105,31,85354,2024-07-22,J45.909,refund to DE89 3704 0044 0532 0130 00 approved
P000374,Probe^Ingrid,ingrid.probe@example.net,+49 89 3517767,49,80331,2024-03-27,N18.3,refund to DE89 3704 0044 0532 0130 00 approved
P000375,Wagner^Nadia,nadia.wagner@example.net,+49 89 5190209,31,81541,2024-09-07,F32.1,order ref 1234567890123 pending
P000376,Wagner^Lena,lena.wagner@example.net,+49 89 1370362,45,80333,2024-11-12,J45.909,portal access via https://internal.clinic.example/records/P000376
P000377,Demo^Xenia,xenia.demo@example.com,+49 89 1030934,67,85354,2024-08-27,E11.9,ssn 123-45-6789 verified
P000378,Becker^Petra,petra.becker@example.com,+49 89 3191023,39,80331,2024-12-21,N18.3,follow-up in 6 weeks
P000379,Krüger^Stefan,stefan.krüger@example.com,+49 89 4593978,52,80331,2024-10-16,J06.9,api token sk-live_141bc60872d45082 rotated
P000380,Hoffmann^Vera,vera.hoffmann@example.com,+49 89 1358267,70,20095,2022-08-10,E11.9,"lives at 220 MG Road, Pune 411001"
P000381,Wagner^Olaf,olaf.wagner@example.org,+49 89 8440563,63,81549,2024-03-16,I10,referred by Dr. Olaf Wagner
P000382,Fischer^Émile,émile.fischer@example.com,+49 89 7017112,35,85354,2024-04-22,F32.1,
P000383,Krüger^Rosa,rosa.krüger@example.net,+49 89 8355301,36,80331,2024-08-28,N18.3,callback +49 89 7448911
P000384,Becker^Fatma,fatma.becker@example.net,+49 89 0407959,66,80331,2024-08-23,N18.3,callback +49 89 7862570
P000385,Probe^Petra,petra.probe@example.com,+49 89 6330544,62,81541,2024-03-22,E78.5,"treated at Apollo Hospital, transferred from HDFC Bank clinic"
P000386,Test^Wolfgang,wolfgang.test@example.com,+49 89 2469384,40,80331,2024-09-16,J45.909,dob confirmed 15/03/1990
P000387,Muster^Mehmet,mehmet.muster@example.com,+49 89 6514470,58,80333,2024-04-02,J45.909,ifsc HDFC0001234 000123456789 on record
P000388,Hoffmann^Deniz,deniz.hoffmann@example.org,+49 89 6663587,40,81549,2024-05-13,J06.9,
P000389,Rossi^Deniz,deniz.rossi@example.net,+49 89 6326576,68,81541,2024-12-28,I25.10,vpn from 192.168.1.138 and 2001:db8::138
P000390,Wagner^Ingrid,ingrid.wagner@example.org,+49 89 5335262,84,99998,2023-08-12,M54.5,api token sk-live_e58b5e8d93b468ba rotated
P000391,Wagner^Hana,hana.wagner@example.org,+49 89 9195445,72,01067,2023-07-17,E78.5,follow-up in 6 weeks
P000392,Test^Vera,vera.test@example.net,+49 89 2733759,31,01067,2020-04-04,I25.10,follow-up in 6 weeks
P000393,Fischer^Yusuf,yusuf.fischer@example.com,+49 89 9970096,28,20095,2021-06-16,K21.0,refund to DE89 3704 0044 0532 0130 00 approved
P000394,Koch^Søren,søren.koch@example.com,+49 89 9491833,48,85354,2024-04-23,E78.5,
P000395,Krüger^Carla,carla.krüger@example.com,+49 89 0855567,30,80331,2024-12-14,K21.0,passport J2222449 checked
P000396,Bauer^Tanja,tanja.bauer@example.org,+49 89 6092825,67,81541,2024-04-04,E11.9,history of diabetes and hypertension
P000397,Demo^Nadia,nadia.demo@example.net,+49 89 0621799,41,80333,2024-04-10,I10,vehicle MH 12 AB 5772 in lot
P000398,Rossi^Erik,erik.rossi@example.net,+49 89 7042722,59,01067,2019-01-28,N18.3,"treated at Apollo Hospital, transferred from HDFC Bank clinic"
P000399,Demo^Søren,søren.demo@example.org,+49 89 7449929,59,01067,2022-06-28,I10,ifsc HDFC0001234 000123456789 on record
P000400,Schmidt^Tanja,tanja.schmidt@example.com,+49 89 8336856,66,85354,2024-10-03,I10,api token sk-live_f59c4295cf751eb3 rotated
P000401,Hoffmann^Nadia,nadia.hoffmann@example.net,+49 89 5505441,55,80331,2024-07-06,I10,"treated at Apollo Hospital, transferred from HDFC Bank clinic"
P000402,Rossi^Xenia,xenia.rossi@example.com,+49 89 5072301,22,20095,2024-04-25,J06.9,ifsc HDFC0001234 000123456789 on record
P000403,Schäfer^Nadia,nadia.schäfer@example.net,+49 89 4407754,59,81541,2024-06-26,I10,vpn from 192.168.1.121 and 2001:db8::121
P000404,Schäfer^Müller,müller.schäfer@example.org,+49 89 8767238,40,81541,2024-04-16,E78.5,
P000405,Koch^Mehmet,mehmet.koch@example.com,+49 89 0340446,23,20095,2020-04-02,E11.9,api token sk-live_6ec53735055dc46a rotated
P000406,Probe^Lena,lena.probe@example.net,+49 89 5425924,66,85354,2024-09-14,K21.0,contact patient at lena@example.com
P000407,Test^Quentin,quentin.test@example.net,+49 89 3059248,58,81541,2024-03-21,M54.5,history of diabetes and hypertension
P000408,Test^Igor,igor.test@example.com,+49 89 0054162,78,99998,2019-02-23,F32.1,api token sk-live_90b03fce6793823e rotated
P000409,Test^Karim,karim.test@example.org,+49 89 2676533,67,81549,2024-12-09,N18.3,
P000410,Wagner^Igor,igor.wagner@example.org,+49 89 9726772,55,20095,2024-08-15,J06.9,
P000411,Koch^Søren,søren.koch@example.com,+49 89 1870095,56,85354,2024-03-26,J45.909,api token sk-live_3113f42d43cf39cb rotated
P000412,Krüger^Olaf,olaf.krüger@example.net,+49 89 8517221,37,85354,2024-06-09,N18.3,"lives at 328 MG Road, Pune 411001"
P000413,Fischer^Rosa,rosa.fischer@example.org,+49 89 9935824,47,81541,2024-06-07,J06.9,
P000414,Probe^Umut,umut.probe@example.net,+49 89 7520164,66,80331,2024-07-19,J06.9,follow-up in 6 weeks
P000415,Wagner^Vera,vera.wagner@example.org,+49 89 5911860,38,80331,2024-10-26,I25.10,passport J6705789 checked
P000416,Demo^Yusuf,yusuf.demo@example.net,+49 89 6893433,38,81549,2024-11-09,I10,"treated at Apollo Hospital, transferred from HDFC Bank clinic"
P000417,Muster^Mehmet,mehmet.muster@example.com,+49 89 9563638,32,81549,2024-05-13,N18.3,api token sk-live_fc25a2fe27291c87 rotated
P000418,Probe^Carla,carla.probe@example.com,+49 89 4967401,33,81549,2024-10-19,J06.9,
P000419,Fischer^Vera,vera.fischer@example.net,+49 89 5198374,33,80333,2024-11-16,K21.0,"treated at Apollo Hospital, transferred from HDFC Bank clinic"
P000420,Bauer^Ingrid,ingrid.bauer@example.org,+49 89 7238678,46,80331,2024-09-09,N18.3,ssn 123-45-6789 verified
P000421,Wagner^Rosa,rosa.wagner@example.org,+49 89 9763218,51,85354,2024-04-09,J06.9,"treated at Apollo Hospital, transferred from HDFC Bank clinic"
P000422,Fischer^Lena,lena.fischer@example.net,+49 89 8767003,40,04103,2024-08-16,K21.0,
P000423,Krüger^Deniz,deniz.krüger@example.net,+49 89 6897396,48,80331,2024-09-21,J45.909,referred by Dr. Deniz Krüger
P000424,Koch^Müller,müller.koch@example.net,+49 89 3117992,41,85354,2024-01-13,I10,api token sk-live_f996d362408d9d0d rotated
P000425,Yilmaz^Ingrid,ingrid.yilmaz@example.net,+49 89 7548786,64,80333,2024-01-21,J06.9,
P000426,Nowak^Karim,karim.nowak@example.org,+49 89 1343962,53,81549,2024-10-16,I25.10,
P000427,Krüger^Hana,hana.krüger@example.com,+49 89 8958174,68,81541,2024-03-09,J45.909,callback +49 89 4435385
P000428,Muster^Julia,julia.muster@example.net,+49 89 2049422,61,80331,2024-05-26,K21.0,portal access via https://internal.clinic.example/records/P000428
P000429,Schmidt^Deniz,deniz.schmidt@example.org,+49 89 0321261,64,81541,2024-12-11,M54.5,portal access via https://internal.clinic.example/records/P000429
P000430,Bauer^Wolfgang,wolfgang.bauer@example.org,+49 89 2803185,57,80331,2024-03-06,J45.909,contact patient at wolfgang@example.com
P000431,Weber^Ingrid,ingrid.weber@example.org,+49 89 7847182,63,81549,2024-03-21,K21.0,vpn from 192.168.1.59 and 2001:db8::59
P000432,Schmidt^Fatma,fatma.schmidt@example.net,+49 89 9131030,57,81549,2024-11-05,I25.10,dob confirmed 15/03/1990
P000433,Muster^Fatma,fatma.muster@example.com,+49 89 8775642,88,01067,2021-12-20,J06.9,callback +49 89 7589654
P000434,Muster^Tanja,tanja.muster@example.net,+49 89 7316414,42,85354,2024-09-19,I25.10,
P000435,Wagner^Ingrid,ingrid.wagner@example.org,+49 89 5562093,59,80331,2024-08-24,M54.5,portal access via https://internal.clinic.example/records/P000435
P000436,Nowak^Xenia,xenia.nowak@example.net,+49 89 0195949,30,81541,2024-08-23,F32.1,vehicle MH 12 AB 6092 in lot
P000437,Rossi^Olaf,olaf.rossi@example.net,+49 89 7830386,68,85354,2024-01-27,K21.0,"treated at Apollo Hospital, transferred from HDFC Bank clinic"
P000438,Nowak^Stefan,stefan.nowak@example.net,+49 89 2186262,33,81549,2024-03-02,J06.9,portal access via https://internal.clinic.example/records/P000438
P000439,Rossi^Yusuf,yusuf.rossi@example.net,+49 89 7352479,34,81549,2024-09-21,J45.909,"lives at 59 MG Road, Pune 411001"
P000440,Schäfer^Alice,alice.schäfer@example.org,+49 89 2506453,48,80333,2024-09-12,J06.9,vehicle MH 12 AB 6841 in lot
P000441,Probe^Xenia,xenia.probe@example.net,+49 89 0187659,69,81541,2024-05-06,J45.909,vehicle MH 12 AB 0793 in lot
P000442,Schäfer^Petra,petra.schäfer@example.com,+49 89 1518705,23,20095,2019-07-27,E78.5,referred by Dr. Petra Schäfer
P000443,Becker^Mehmet,mehmet.becker@example.com,+49 89 7235054,35,80331,2024-07-21,M54.5,"treated at Apollo Hospital, transferred from HDFC Bank clinic"
P000444,Rossi^Nadia,nadia.rossi@example.com,+49 89 0002239,52,80331,2024-01-24,M54.5,portal access via https://internal.clinic.example/records/P000444
P000445,Muster^Olaf,olaf.muster@example.org,+49 89 3976562,44,81549,2024-04-13,F32.1,
P000446,Fischer^Fatma,fatma.fischer@example.com,+49 89 4394019,39,80331,2024-06-26,M54.5,referred by Dr. Fatma Fischer
P000447,Muster^Nadia,nadia.muster@example.com,+49 89 8008372,53,81541,2024-08-10,J06.9,vpn from 192.168.1.154 and 2001:db8::154
P000448,Beispiel^Müller,müller.beispiel@example.org,+49 89 9990800,40,81549,2024-05-26,E11.9,vehicle MH 12 AB 3128 in lot
P000449,Probe^Umut,umut.probe@example.org,+49 89 4511730,35,80331,2024-09-16,N18.3,ifsc HDFC0001234 000123456789 on record
P000450,Nowak^Julia,julia.nowak@example.org,+49 89 1716979,56,81549,2024-09-28,I25.10,vpn from 192.168.1.188 and 2001:db8::188
P000451,Yilmaz^Quentin,quentin.yilmaz@example.org,+49 89 1225833,45,81549,2024-12-16,J06.9,order ref 1234567890123 pending
P000452,Demo^Søren,søren.demo@example.org,+49 89 0439566,47,81541,2024-07-14,F32.1,vpn from 192.168.1.12 and 2001:db8::12
P000453,Weber^Erik,erik.weber@example.org,+49 89 7129827,64,85354,2024-03-12,J06.9,contact patient at erik@example.com
P000454,Wagner^Carla,carla.wagner@example.org,+49 89 8292917,34,04103,2024-01-18,J45.909,referred by Dr. Carla Wagner
P000455,Yilmaz^Rosa,rosa.yilmaz@example.com,+49 89 4701613,65,80331,2024-06-14,K21.0,follow-up in 6 weeks
P000456,Muster^Alice,alice.muster@example.com,+49 89 9127731,65,80331,2024-02-22,E11.9,referred by Dr. Alice Muster
P000457,Yilmaz^Émile,émile.yilmaz@example.org,+49 89 8912094,60,81541,2024-10-10,E78.5,ssn 123-45-6789 verified
P000458,Weber^Rosa,rosa.weber@example.net,+49 89 4778353,31,80331,2024-01-22,E11.9,follow-up in 6 weeks
P000459,Muster^Karim,karim.muster@example.com,+49 89 4121686,57,85354,2024-10-11,J45.909,refund to DE89 3704 0044 0532 0130 00 approved
P000460,Koch^Nadia,nadia.koch@example.com,+49 89 6500299,55,80331,2024-05-03,N18.3,passport J3461250 checked
P000461,Test^Erik,erik.test@example.net,+49 89 3373515,43,81541,2024-12-25,I10,"lives at 368 MG Road, Pune 411001"
P000462,Demo^Vera,vera.demo@example.com,+49 89 0916708,49,81549,2024-01-10,M54.5,
P000463,Hoffmann^Nadia,nadia.hoffmann@example.org,+49 89 9837443,77,01067,2023-11-12,M54.5,"lives at 218 MG Road, Pune 411001"
P000464,Weber^Georg,georg.weber@example.net,+49 89 0026855,57,80333,2024-06-23,M54.5,refund to DE89 3704 0044 0532 0130 00 approved
P000465,Muster^Lena,lena.muster@example.org,+49 89 9705490,33,81549,2024-11-25,I25.10,vpn from 192.168.1.123 and 2001:db8::123
P000466,Fischer^Karim,karim.fischer@example.com,+49 89 1046284,37,81541,2024-04-05,J06.9,"lives at 311 MG Road, Pune 411001"
P000467,Koch^Nadia,nadia.koch@example.org,+49 89 5762962,77,04103,2022-03-23,M54.5,"treated at Apollo Hospital, transferred from HDFC Bank clinic"
P000468,Fischer^Carla,carla.fischer@example.com,+49 89 7643598,48,81549,2024-07-16,I10,ssn 123-45-6789 verified
P000469,Nowak^Julia,julia.nowak@example.net,+49 89 9358920,53,81541,2024-09-12,E78.5,
P000470,Bauer^Petra,petra.bauer@example.org,+49 89 6491180,59,01067,2021-05-16,E78.5,ifsc HDFC0001234 000123456789 on record
P000471,Test^Yusuf,yusuf.test@example.net,+49 89 3141721,54,81549,2024-03-25,F32.1,order ref 1234567890123 pending
P000472,Hoffmann^Wolfgang,wolfgang.hoffmann@example.com,+49 89 9297362,56,80331,2024-07-03,N18.3,vpn from 192.168.1.144 and 2001:db8::144
P000473,Hoffmann^Vera,vera.hoffmann@example.net,+49 89 5019507,53,80333,2024-08-22,M54.5,order ref 1234567890123 pending
P000474,Hoffmann^Rosa,rosa.hoffmann@example.com,+49 89 6843648,46,85354,2024-08-19,E11.9,vehicle MH 12 AB 0001 in lot
P000475,Probe^Müller,müller.probe@example.com,+49 89 1698290,77,04103,2023-03-28,J45.909,follow-up in 6 weeks
P000476,Muster^Nadia,nadia.muster@example.net,+49 89 2264040,33,85354,2024-11-20,E78.5,ssn 123-45-6789 verified
P000477,Nowak^Erik,erik.nowak@example.com,+49 89 7492161,69,80333,2024-11-15,N18.3,follow-up in 6 weeks
P000478,Yilmaz^Stefan,stefan.yilmaz@example.com,+49 89 6367134,48,81549,2024-11-11,I25.10,history of diabetes and hypertension
P000479,Beispiel^Stefan,stefan.beispiel@example.org,+49 89 6986788,32,81549,2024-05-24,N18.3,
P000480,Becker^Umut,umut.becker@example.net,+49 89 7537269,43,85354,2024-08-06,J45.909,vpn from 192.168.1.112 and 2001:db8::112
P000481,Krüger^Émile,émile.krüger@example.net,+49 89 9156562,57,80333,2024-09-07,E78.5,"lives at 245 MG Road, Pune 411001"
P000482,Weber^Georg,georg.weber@example.net,+49 89 0845707,62,81549,2024-11-10,I25.10,
P000483,Schäfer^Tanja,tanja.schäfer@example.net,+49 89 8634178,60,04103,2019-11-18,E78.5,api token sk-live_31ae589d9228eaad rotated
P000484,Nowak^Müller,müller.nowak@example.net,+49 89 6790380,33,85354,2024-09-24,E78.5,referred by Dr. Müller Nowak
P000485,Rossi^Carla,carla.rossi@example.com,+49 89 1068017,55,80331,2024-01-20,K21.0,insurance card 4111 1111 1111 1111 on file
P000486,Test^Deniz,deniz.test@example.net,+49 89 4091634,64,80331,2024-07-04,J06.9,passport J4983766 checked
P000487,Hoffmann^Lena,lena.hoffmann@example.com,+49 89 5853117,60,80333,2024-09-01,M54.5,ifsc HDFC0001234 000123456789 on record
P000488,Rossi^Umut,umut.rossi@example.com,+49 89 9155044,38,80333,2024-08-06,N18.3,
P000489,Test^Fatma,fatma.test@example.net,+49 89 4841027,53,81549,2024-01-17,K21.0,vpn from 192.168.1.134 and 2001:db8::134
P000490,Schäfer^Zora,zora.schäfer@example.org,+49 89 2624505,65,81541,2024-04-09,E11.9,callback +49 89 1442587
P000491,Wagner^Bruno,bruno.wagner@example.org,+49 89 2226560,46,80331,2024-05-27,E78.5,insurance card 4111 1111 1111 1111 on file
P000492,Wagner^Julia,julia.wagner@example.org,+49 89 0106076,28,01067,2019-07-14,J06.9,passport J9137768 checked
P000493,Beispiel^Yusuf,yusuf.beispiel@example.org,+49 89 7361405,64,81549,2024-05-03,M54.5,vpn from 192.168.1.226 and 2001:db8::226
P000494,Hoffmann^Søren,søren.hoffmann@example.com,+49 89 2211860,33,80331,2024-11-03,M54.5,api token sk-live_409b46457056bba7 rotated
P000495,Beispiel^Petra,petra.beispiel@example.net,+49 89 5426523,56,80333,2024-05-17,I10,referred by Dr. Petra Beispiel
P000496,Krüger^Quentin,quentin.krüger@example.org,+49 89 8457403,65,80333,2024-04-22,K21.0,ssn 123-45-6789 verified
P000497,Muster^Julia,julia.muster@example.net,+49 89 8437254,43,81541,2024-03-02,J45.909,
P000498,Rossi^Georg,georg.rossi@example.net,+49 89 3829084,61,01067,2019-12-16,I10,vehicle MH 12 AB 0365 in lot
P000499,Schmidt^Wolfgang,wolfgang.schmidt@example.net,+49 89 1175447,52,80331,2024-08-06,J06.9,contact patient at wolfgang@example.com
P000500,Becker^Alice,alice.becker@example.org,+49 89 2432674,43,80331,2024-02-20,E11.9,referred by Dr. Alice Becker
P000501,Muster^Alice,alice.muster@example.com,+49 89 9649614,66,80331,2024-07-12,K21.0,vehicle MH 12 AB 8426 in lot
P000502,Nowak^Émile,émile.nowak@example.net,+49 89 5393683,32,99998,2019-12-23,F32.1,refund to DE89 3704 0044 0532 0130 00 approved
P000503,Nowak^Fatma,fatma.nowak@example.com,+49 89 7560487,45,80331,2024-10-05,E11.9,"lives at 315 MG Road, Pune 411001"
P000504,Becker^Vera,vera.becker@example.com,+49 89 0951432,41,01067,2019-10-11,I10,"treated at Apollo Hospital, transferred from HDFC Bank clinic"
P000505,Koch^Hana,hana.koch@example.org,+49 89 4957016,72,04103,2021-12-21,N18.3,ifsc HDFC0001234 000123456789 on record
P000506,Schäfer^Émile,émile.schäfer@example.net,+49 89 0523652,67,80333,2024-10-15,N18.3,refund to DE89 3704 0044 0532 0130 00 approved
P000507,Schmidt^Vera,vera.schmidt@example.org,+49 89 9870848,74,99998,2021-02-16,K21.0,order ref 1234567890123 pending
P000508,Wagner^Deniz,deniz.wagner@example.net,+49 89 3752262,68,80333,2024-11-10,N18.3,ssn 123-45-6789 verified
P000509,Bauer^Stefan,stefan.bauer@example.com,+49 89 8292152,50,85354,2024-05-12,I10,
P000510,Beispiel^Georg,georg.beispiel@example.com,+49 89 9411541,54,81549,2024-10-04,F32.1,referred by Dr. Georg Beispiel
P000511,Hoffmann^Alice,alice.hoffmann@example.com,+49 89 8997374,38,81549,2024-10-08,I25.10,dob confirmed 15/03/1990
P000512,Probe^Quentin,quentin.probe@example.com,+49 89 3956624,42,81549,2024-04-16,J06.9,contact patient at quentin@example.com
P000513,Becker^Deniz,deniz.becker@example.org,+49 89 2440904,39,81549,2024-02-16,F32.1,history of diabetes and hypertension
P000514,Muster^Bruno,bruno.muster@example.net,+49 89 9871317,41,80331,2024-06-08,J06.9,ssn 123-45-6789 verified
P000515,Probe^Ingrid,ingrid.probe@example.com,+49 89 8399228,38,01067,2022-01-20,E78.5,portal access via https://internal.clinic.example/records/P000515
P000516,Muster^Georg,georg.muster@example.com,+49 89 6831556,53,80331,2024-10-07,F32.1,vpn from 192.168.1.89 and 2001:db8::89
P000517,Nowak^Carla,carla.nowak@example.net,+49 89 6233754,88,01067,2020-06-25,I25.10,vehicle MH 12 AB 0227 in lot
P000518,Becker^Yusuf,yusuf.becker@example.com,+49 89 3724275,44,80331,2024-02-19,E78.5,ssn 123-45-6789 verified
P000519,Hoffmann^Müller,müller.hoffmann@example.net,+49 89 8931207,49,80333,2024-02-12,E78.5,dob confirmed 15/03/1990
P000520,Weber^Xenia,xenia.weber@example.org,+49 89 7320673,84,01067,2022-02-26,E11.9,"treated at Apollo Hospital, transferred from HDFC Bank clinic"
P000521,Becker^Søren,søren.becker@example.com,+49 89 0147984,22,99998,2023-11-05,E78.5,referred by Dr. Søren Becker
P000522,Wagner^Deniz,deniz.wagner@example.org,+49 89 4842631,59,81541,2024-03-16,I25.10,contact patient at deniz@example.com
P000523,Yilmaz^Petra,petra.yilmaz@example.net,+49 89 7549493,61,85354,2024-06-22,I10,follow-up in 6 weeks
P000524,Beispiel^Julia,julia.beispiel@example.org,+49 89 5021153,38,04103,2021-02-27,K21.0,refund to DE89 3704 0044 0532 0130 00 approved
P000525,Fischer^Bruno,bruno.fischer@example.com,+49 89 5406565,41,85354,2024-07-21,I25.10,refund to DE89 3704 0044 0532 0130 00 approved
P000526,Wagner^Deniz,deniz.wagner@example.net,+49 89 0333604,52,81549,2024-03-16,F32.1,passport J3373052 checked
P000527,Test^Karim,karim.test@example.org,+49 89 0784728,21,01067,2021-04-07,K21.0,ssn 123-45-6789 verified
P000528,Wagner^Julia,julia.wagner@example.org,+49 89 4129754,48,80331,2024-03-11,I25.10,dob confirmed 15/03/1990
P000529,Fischer^Yusuf,yusuf.fischer@example.com,+49 89 4002897,35,81549,2024-11-17,I25.10,portal access via https://internal.clinic.example/records/P000529
P000530,Schäfer^Erik,erik.schäfer@example.com,+49 89 4536342,41,81549,2024-07-25,K21.0,history of diabetes and hypertension
P000531,Krüger^Karim,karim.krüger@example.org,+49 89 8158352,86,20095,2021-07-09,N18.3,portal access via https://internal.clinic.example/records/P000531
P000532,Nowak^Wolfgang,wolfgang.nowak@example.com,+49 89 1410337,42,80331,2024-12-23,I25.10,refund to DE89 3704 0044 0532 0130 00 approved
P000533,Wagner^Stefan,stefan.wagner@example.net,+49 89 7868051,43,99998,2023-02-01,J06.9,vpn from 192.168.1.180 and 2001:db8::180
P000534,Krüger^Petra,petra.krüger@example.org,+49 89 7221730,56,01067,2023-02-19,E78.5,order ref 1234567890123 pending
P000535,Yilmaz^Fatma,fatma.yilmaz@example.net,+49 89 0586103,34,80331,2024-09-17,J06.9,ssn 123-45-6789 verified
P000536,Demo^Yusuf,yusuf.demo@example.org,+49 89 1005309,56,81541,2024-05-24,E78.5,refund to DE89 3704 0044 0532 0130 00 approved
P000537,Yilmaz^Fatma,fatma.yilmaz@example.com,+49 89 6525619,81,04103,2019-06-11,N18.3,dob confirmed 15/03/1990
P000538,Becker^Karim,karim.becker@example.org,+49 89 4225588,63,81549,2024-08-19,J45.909,callback +49 89 1802779
P000539,Nowak^Carla,carla.nowak@example.net,+49 89 4218031,66,80333,2024-09-13,F32.1,vpn from 192.168.1.150 and 2001:db8::150
P000540,Hoffmann^Quentin,quentin.hoffmann@example.net,+49 89 6476241,67,80333,2024-11-11,I10,vehicle MH 12 AB 3714 in lot
P000541,Hoffmann^Alice,alice.hoffmann@example.net,+49 89 7588512,45,80331,2024-05-04,I10,portal access via https://internal.clinic.example/records/P000541
P000542,Probe^Bruno,bruno.probe@example.com,+49 89 7322813,34,81549,2024-12-06,F32.1,
P000543,Schäfer^Søren,søren.schäfer@example.net,+49 89 4232743,37,81549,2024-02-16,I10,portal access via https://internal.clinic.example/records/P000543
P000544,Schäfer^Georg,georg.schäfer@example.net,+49 89 9871139,42,81541,2024-10-22,I25.10,ifsc HDFC0001234 000123456789 on record
P000545,Beispiel^Rosa,rosa.beispiel@example.net,+49 89 2708715,38,80333,2024-12-13,E11.9,"lives at 89 MG Road, Pune 411001"
P000546,Test^Rosa,rosa.test@example.com,+49 89 9607788,53,81549,2024-02-05,J45.909,referred by Dr. Rosa Test
P000547,Schäfer^Deniz,deniz.schäfer@example.org,+49 89 6993359,52,81549,2024-11-22,J06.9,referred by Dr. Deniz Schäfer
P000548,Schäfer^Julia,julia.schäfer@example.net,+49 89 9245815,69,80333,2024-03-19,E11.9,history of diabetes and hypertension
P000549,Weber^Lena,lena.weber@example.org,+49 89 5179108,53,80333,2024-07-08,K21.0,vpn from 192.168.1.34 and 2001:db8::34
P000550,Becker^Stefan,stefan.becker@example.org,+49 89 9195438,44,04103,2023-04-03,E78.5,referred by Dr. Stefan Becker
P000551,Bauer^Nadia,nadia.bauer@example.org,+49 89 8218027,38,81549,2024-06-05,M54.5,"treated at Apollo Hospital, transferred from HDFC Bank clinic"
P000552,Schmidt^Vera,vera.schmidt@example.net,+49 89 7348464,52,81549,2024-05-19,N18.3,refund to DE89 3704 0044 0532 0130 00 approved
P000553,Schmidt^Igor,igor.schmidt@example.net,+49 89 6582729,30,81549,2024-06-08,I10,portal access via https://internal.clinic.example/records/P000553
P000554,Yilmaz^Hana,hana.yilmaz@example.net,+49 89 8803779,50,81549,2024-06-12,J06.9,insurance card 4111 1111 1111 1111 on file
P000555,Bauer^Nadia,nadia.bauer@example.net,+49 89 0992282,64,81549,2024-09-09,J45.909,portal access via https://internal.clinic.example/records/P000555
P000556,Nowak^Petra,petra.nowak@example.org,+49 89 4432469,45,81549,2024-01-02,M54.5,contact patient at petra@example.com
P000557,Probe^Nadia,nadia.probe@example.org,+49 89 9845274,36,80333,2024-12-13,J06.9,insurance card 4111 1111 1111 1111 on file
P000558,Rossi^Karim,karim.rossi@example.org,+49 89 8721949,39,85354,2024-11-23,E11.9,passport J5068008 checked
P000559,Krüger^Deniz,deniz.krüger@example.org,+49 89 8806901,38,80331,2024-11-24,N18.3,ifsc HDFC0001234 000123456789 on record
P000560,Schäfer^Stefan,stefan.schäfer@example.com,+49 89 3391888,49,80333,2024-01-08,E11.9,dob confirmed 15/03/1990
P000561,Nowak^Hana,hana.nowak@example.com,+49 89 8890300,77,99998,2022-09-11,K21.0,"lives at 263 MG Road, Pune 411001"
P000562,Demo^Petra,petra.demo@example.com,+49 89 9272512,66,81541,2024-10-06,J06.9,referred by Dr. Petra Demo
P000563,Beispiel^Mehmet,mehmet.beispiel@example.com,+49 89 0270946,37,85354,2024-11-17,I10,follow-up in 6 weeks
P000564,Krüger^Vera,vera.krüger@example.com,+49 89 9054296,57,80333,2024-09-25,I25.10,vehicle MH 12 AB 2894 in lot
P000565,Probe^Zora,zora.probe@example.com,+49 89 5748455,63,81549,2024-03-08,K21.0,api token sk-live_0bce09996075ad22 rotated
P000566,Hoffmann^Erik,erik.hoffmann@example.net,+49 89 1308108,42,81549,2024-05-15,E11.9,history of diabetes and hypertension
P000567,Fischer^Erik,erik.fischer@example.com,+49 89 5097543,39,80333,2024-12-07,F32.1,"treated at Apollo Hospital, transferred from HDFC Bank clinic"
P000568,Wagner^Rosa,rosa.wagner@example.org,+49 89 5608457,32,81549,2024-12-11,N18.3,referred by Dr. Rosa Wagner
P000569,Becker^Olaf,olaf.becker@example.com,+49 89 6995136,47,81541,2024-12-21,K21.0,refund to DE89 3704 0044 0532 0130 00 approved
P000570,Demo^Erik,erik.demo@example.org,+49 89 6809892,92,01067,2022-01-28,J06.9,contact patient at erik@example.com
P000571,Wagner^Erik,erik.wagner@example.org,+49 89 9768442,35,99998,2019-10-18,N18.3,dob confirmed 15/03/1990
P000572,Yilmaz^Søren,søren.yilmaz@example.net,+49 89 1921228,38,80333,2024-07-23,J06.9,insurance card 4111 1111 1111 1111 on file
P000573,Bauer^Petra,petra.bauer@example.org,+49 89 6767921,30,80333,2024-01-22,E11.9,referred by Dr. Petra Bauer
P000574,Demo^Igor,igor.demo@example.net,+49 89 5446859,66,81541,2024-06-16,K21.0,ssn 123-45-6789 verified
P000575,Yilmaz^Ingrid,ingrid.yilmaz@example.net,+49 89 1913675,89,20095,2022-01-20,E11.9,history of diabetes and hypertension
P000576,Nowak^Fatma,fatma.nowak@example.net,+49 89 9146567,34,81549,2024-03-22,N18.3,
P000577,Krüger^Yusuf,yusuf.krüger@example.org,+49 89 9329082,37,80333,2024-05-14,I10,follow-up in 6 weeks
P000578,Koch^Georg,georg.koch@example.net,+49 89 9132929,64,80331,2024-06-05,M54.5,insurance card 4111 1111 1111 1111 on file
P000579,Rossi^Quentin,quentin.rossi@example.org,+49 89 2404844,67,81549,2024-07-19,I10,ifsc HDFC0001234 000123456789 on record
P000580,Wagner^Georg,georg.wagner@example.net,+49 89 4647434,81,99998,2021-01-07,E11.9,
P000581,Schmidt^Müller,müller.schmidt@example.org,+49 89 6307257,30,80331,2024-04-05,E78.5,"treated at Apollo Hospital, transferred from HDFC Bank clinic"
P000582,Rossi^Bruno,bruno.rossi@example.com,+49 89 2907002,59,81541,2024-12-27,J45.909,"lives at 391 MG Road, Pune 411001"
P000583,Rossi^Olaf,olaf.rossi@example.org,+49 89 2618500,60,81541,2024-08-18,I25.10,follow-up in 6 weeks
P000584,Demo^Mehmet,mehmet.demo@example.com,+49 89 1652364,63,81549,2024-10-12,J45.909,api token sk-live_63381a7b10e2f8e2 rotated
P000585,Test^Müller,müller.test@example.com,+49 89 0679629,43,80333,2024-01-19,K21.0,contact patient at müller@example.com
P000586,Wagner^Erik,erik.wagner@example.com,+49 89 1423710,48,81541,2024-04-10,J06.9,vehicle MH 12 AB 7686 in lot
P000587,Beispiel^Stefan,stefan.beispiel@example.org,+49 89 2674396,43,81549,2024-04-19,F32.1,ifsc HDFC0001234 000123456789 on record
P000588,Yilmaz^Alice,alice.yilmaz@example.net,+49 89 8477804,42,01067,2020-12-19,E78.5,passport J2183075 checked
P000589,Probe^Nadia,nadia.probe@example.org,+49 89 9329228,39,80333,2024-09-01,K21.0,referred by Dr. Nadia Probe
P000590,Demo^Lena,lena.demo@example.net,+49 89 5083152,74,20095,2019-02-17,J06.9,passport J1875251 checked
P000591,Koch^Vera,vera.koch@example.net,+49 89 1003510,56,99998,2021-11-17,I25.10,portal access via https://internal.clinic.example/records/P000591
P000592,Demo^Igor,igor.demo@example.com,+49 89 7867649,38,80333,2024-07-10,K21.0,
P000593,Probe^Müller,müller.probe@example.net,+49 89 7012380,40,81549,2024-07-12,I10,follow-up in 6 weeks
P000594,Beispiel^Carla,carla.beispiel@example.org,+49 89 9086031,52,80333,2024-07-07,E78.5,referred by Dr. Carla Beispiel
P000595,Becker^Søren,søren.becker@example.net,+49 89 9671837,54,80331,2024-01-16,E11.9,dob confirmed 15/03/1990
P000596,Schmidt^Tanja,tanja.schmidt@example.com,+49 89 5318890,61,81549,2024-11-12,M54.5,order ref 1234567890123 pending
P000597,Krüger^Yusuf,yusuf.krüger@example.com,+49 89 9761972,90,20095,2021-09-15,J45.909,ifsc HDFC0001234 000123456789 on record
P000598,Schäfer^Julia,julia.schäfer@example.com,+49 89 4089285,44,99998,2022-02-19,F32.1,refund to DE89 3704 0044 0532 0130 00 approved
P000599,Hoffmann^Søren,søren.hoffmann@example.net,+49 89 6037209,32,85354,2024-08-24,F32.1,callback +49 89 0026974
P000600,Krüger^Carla,carla.krüger@example.net,+49 89 9484083,64,81541,2024-06-11,E11.9,contact patient at carla@example.com
P000601,Muster^Olaf,olaf.muster@example.net,+49 89 4101343,35,81541,2024-06-28,M54.5,api token sk-live_362ade3a7ea104b5 rotated
P000602,Muster^Yusuf,yusuf.muster@example.org,+49 89 4532881,49,81541,2024-06-02,J06.9,insurance card 4111 1111 1111 1111 on file
P000603,Krüger^Georg,georg.krüger@example.com,+49 89 6017391,68,81541,2024-03-15,F32.1,referred by Dr. Georg Krüger
P000604,Rossi^Fatma,fatma.rossi@example.com,+49 89 2060853,65,81549,2024-10-25,E78.5,"lives at 14 MG Road, Pune 411001"
P000605,Probe^Vera,vera.probe@example.org,+49 89 8071217,32,85354,2024-09-09,K21.0,referred by Dr. Vera Probe
P000606,Weber^Hana,hana.weber@example.org,+49 89 6890824,52,81549,2024-11-11,J45.909,vehicle MH 12 AB 5937 in lot
P000607,Becker^Søren,søren.becker@example.org,+49 89 3274095,37,81549,2024-11-15,M54.5,contact patient at søren@example.com
P000608,Probe^Lena,lena.probe@example.net,+49 89 1630323,64,80331,2024-01-25,M54.5,vehicle MH 12 AB 7429 in lot
P000609,Weber^Igor,igor.weber@example.com,+49 89 4312447,63,81549,2024-03-28,N18.3,referred by Dr. Igor Weber
P000610,Schäfer^Mehmet,mehmet.schäfer@example.net,+49 89 8866283,39,80333,2024-10-15,F32.1,history of diabetes and hypertension
P000611,Demo^Mehmet,mehmet.demo@example.net,+49 89 6249374,50,85354,2024-07-26,K21.0,insurance card 4111 1111 1111 1111 on file
P000612,Krüger^Zora,zora.krüger@example.org,+49 89 2585424,31,80333,2024-01-23,I25.10,
P000613,Schäfer^Fatma,fatma.schäfer@example.net,+49 89 1090289,45,81541,2024-04-12,F32.1,follow-up in 6 weeks
P000614,Schäfer^Bruno,bruno.schäfer@example.net,+49 89 0753830,40,01067,2020-03-26,N18.3,portal access via https://internal.clinic.example/records/P000614
P000615,Muster^Julia,julia.muster@example.com,+49 89 8630200,58,80333,2024-11-04,K21.0,vpn from 192.168.1.126 and 2001:db8::126
P000616,Koch^Stefan,stefan.koch@example.net,+49 89 3276710,33,80333,2024-07-27,E11.9,
P000617,Koch^Xenia,xenia.koch@example.net,+49 89 7194072,61,81541,2024-07-06,J06.9,api token sk-live_5cc45d874cd5c314 rotated
P000618,Probe^Zora,zora.probe@example.net,+49 89 8547206,85,01067,2021-07-06,M54.5,"treated at Apollo Hospital, transferred from HDFC Bank clinic"
P000619,Bauer^Xenia,xenia.bauer@example.net,+49 89 0738463,35,80331,2024-11-13,F32.1,api token sk-live_284b219622ce93b0 rotated
P000620,Becker^Nadia,nadia.becker@example.com,+49 89 5976290,58,80333,2024-04-25,I25.10,refund to DE89 3704 0044 0532 0130 00 approved
P000621,Schäfer^Igor,igor.schäfer@example.org,+49 89 0046766,49,80333,2024-12-16,E78.5,
P000622,Yilmaz^Émile,émile.yilmaz@example.com,+49 89 6255802,50,80331,2024-11-11,M54.5,vehicle MH 12 AB 7516 in lot
P000623,Muster^Ingrid,ingrid.muster@example.org,+49 89 0220352,54,81541,2024-05-18,M54.5,vehicle MH 12 AB 0113 in lot
P000624,Schäfer^Georg,georg.schäfer@example.com,+49 89 2914475,20,99998,2024-08-27,N18.3,
P000625,Schmidt^Olaf,olaf.schmidt@example.org,+49 89 0348632,52,85354,2024-03-26,E78.5,vpn from 192.168.1.122 and 2001:db8::122
P000626,Wagner^Tanja,tanja.wagner@example.org,+49 89 5992191,62,80331,2024-05-24,E11.9,insurance card 4111 1111 1111 1111 on file
P000627,Krüger^Bruno,bruno.krüger@example.net,+49 89 3049845,51,85354,2024-08-20,E78.5,contact patient at bruno@example.com
P000628,Koch^Müller,müller.koch@example.org,+49 89 2589708,36,85354,2024-09-24,K21.0,passport J3121292 checked
P000629,Nowak^Deniz,deniz.nowak@example.net,+49 89 2887965,40,85354,2024-06-19,E11.9,passport J5940465 checked
P000630,Nowak^Émile,émile.nowak@example.com,+49 89 4860164,56,80333,2024-01-27,K21.0,api token sk-live_2b24e01459bf0948 rotated
P000631,Probe^Olaf,olaf.probe@example.org,+49 89 8530793,80,04103,2024-11-10,N18.3,contact patient at olaf@example.com
P000632,Schmidt^Zora,zora.schmidt@example.net,+49 89 9487386,45,80331,2024-10-21,N18.3,insurance card 4111 1111 1111 1111 on file
P000633,Schäfer^Lena,lena.schäfer@example.org,+49 89 7407244,49,81549,2024-09-05,E11.9,dob confirmed 15/03/1990
P000634,Krüger^Xenia,xenia.krüger@example.com,+49 89 2941270,33,80333,2024-02-24,M54.5,history of diabetes and hypertension
P000635,Schäfer^Carla,carla.schäfer@example.net,+49 89 3680467,79,20095,2023-10-06,I25.10,ifsc HDFC0001234 000123456789 on record
P000636,Schäfer^Søren,søren.schäfer@example.com,+49 89 5002937,68,80331,2024-01-11,I25.10,follow-up in 6 weeks
P000637,Bauer^Vera,vera.bauer@example.net,+49 89 4081471,85,04103,2021-07-28,I25.10,order ref 1234567890123 pending
P000638,Weber^Umut,umut.weber@example.com,+49 89 8675369,31,81549,2024-03-11,F32.1,passport J3523339 checked
P000639,Yilmaz^Quentin,quentin.yilmaz@example.net,+49 89 0671371,79,20095,2023-09-12,E78.5,"treated at Apollo Hospital, transferred from HDFC Bank clinic"
P000640,Test^Julia,julia.test@example.net,+49 89 9607568,49,80331,2024-10-21,K21.0,vpn from 192.168.1.10 and 2001:db8::10
P000641,Yilmaz^Rosa,rosa.yilmaz@example.org,+49 89 0142489,51,80331,2024-06-22,M54.5,api token sk-live_73c5c4a0fbbf706a rotated
P000642,Test^Petra,petra.test@example.net,+49 89 1520123,32,80331,2024-08-04,K21.0,referred by Dr. Petra Test
P000643,Rossi^Lena,lena.rossi@example.net,+49 89 0314426,35,85354,2024-06-09,E78.5,dob confirmed 15/03/1990
P000644,Nowak^Vera,vera.nowak@example.net,+49 89 5474817,50,80333,2024-06-14,E11.9,api token sk-live_e73e55490691efc0 rotated
P000645,Probe^Quentin,quentin.probe@example.com,+49 89 9863895,62,80333,2024-06-21,E78.5,contact patient at quentin@example.com
P000646,Fischer^Julia,julia.fischer@example.net,+49 89 1426556,39,81549,2024-11-22,E11.9,"treated at Apollo Hospital, transferred from HDFC Bank clinic"
P000647,Fischer^Igor,igor.fischer@example.com,+49 89 2593340,57,81549,2024-11-23,E11.9,follow-up in 6 weeks
P000648,Beispiel^Stefan,stefan.beispiel@example.net,+49 89 2868180,45,81549,2024-06-15,N18.3,vehicle MH 12 AB 9866 in lot
P000649,Yilmaz^Yusuf,yusuf.yilmaz@example.net,+49 89 8977448,90,04103,2022-06-04,E11.9,referred by Dr. Yusuf Yilmaz
P000650,Probe^Hana,hana.probe@example.org,+49 89 7667198,30,81549,2024-03-02,N18.3,referred by Dr. Hana Probe
P000651,Hoffmann^Hana,hana.hoffmann@example.com,+49 89 7312142,57,85354,2024-09-03,J45.909,
P000652,Nowak^Ingrid,ingrid.nowak@example.com,+49 89 5427886,35,80331,2024-12-15,J06.9,refund to DE89 3704 0044 0532 0130 00 approved
P000653,Becker^Lena,lena.becker@example.com,+49 89 1508084,49,80331,2024-06-08,I25.10,vpn from 192.168.1.32 and 2001:db8::32
P000654,Rossi^Karim,karim.rossi@example.org,+49 89 2593127,59,80333,2024-06-21,K21.0,vehicle MH 12 AB 7648 in lot
P000655,Schäfer^Zora,zora.schäfer@example.org,+49 89 4257551,53,04103,2023-03-12,J45.909,history of diabetes and hypertension
P000656,Muster^Wolfgang,wolfgang.muster@example.com,+49 89 6991141,91,01067,2024-12-17,E11.9,api token sk-live_6606b2977987abae rotated
P000657,Muster^Umut,umut.muster@example.net,+49 89 5983118,63,85354,2024-03-21,F32.1,"treated at Apollo Hospital, transferred from HDFC Bank clinic"
P000658,Hoffmann^Karim,karim.hoffmann@example.net,+49 89 3286207,43,81541,2024-01-08,E78.5,vpn from 192.168.1.109 and 2001:db8::109
P000659,Becker^Xenia,xenia.becker@example.com,+49 89 4367225,54,80331,2024-08-19,J45.909,"treated at Apollo Hospital, transferred from HDFC Bank clinic"
P000660,Demo^Quentin,quentin.demo@example.org,+49 89 0504972,32,04103,2019-06-21,E11.9,portal access via https://internal.clinic.example/records/P000660
P000661,Krüger^Georg,georg.krüger@example.org,+49 89 4265800,80,20095,2022-02-16,K21.0,refund to DE89 3704 0044 0532 0130 00 approved
P000662,Fischer^Wolfgang,wolfgang.fischer@example.com,+49 89 3451485,29,04103,2023-05-03,F32.1,"treated at Apollo Hospital, transferred from HDFC Bank clinic"
P000663,Koch^Olaf,olaf.koch@example.org,+49 89 6118112,25,01067,2024-03-04,E11.9,"treated at Apollo Hospital, transferred from HDFC Bank clinic"
P000664,Krüger^Hana,hana.krüger@example.com,+49 89 0815766,62,81541,2024-07-25,M54.5,vehicle MH 12 AB 0043 in lot
P000665,Probe^Hana,hana.probe@example.org,+49 89 0770495,68,80333,2024-04-18,J45.909,callback +49 89 7144294
P000666,Koch^Igor,igor.koch@example.net,+49 89 9255383,46,85354,2024-03-21,E78.5,"lives at 128 MG Road, Pune 411001"
P000667,Koch^Alice,alice.koch@example.net,+49 89 2903837,45,81541,2024-11-17,F32.1,contact patient at alice@example.com
P000668,Fischer^Lena,lena.fischer@example.com,+49 89 2311989,58,81541,2024-12-20,F32.1,ifsc HDFC0001234 000123456789 on record
P000669,Bauer^Xenia,xenia.bauer@example.org,+49 89 0827280,52,85354,2024-08-01,J06.9,ssn 123-45-6789 verified
P000670,Nowak^Wolfgang,wolfgang.nowak@example.net,+49 89 7347039,61,85354,2024-10-12,E11.9,api token sk-live_a89ba7983e61121c rotated
P000671,Hoffmann^Yusuf,yusuf.hoffmann@example.net,+49 89 1882049,64,80331,2024-10-18,K21.0,portal access via https://internal.clinic.example/records/P000671
P000672,Fischer^Rosa,rosa.fischer@example.com,+49 89 4317961,68,80333,2024-08-15,N18.3,passport J3968535 checked
P000673,Fischer^Karim,karim.fischer@example.org,+49 89 3397703,42,81541,2024-12-01,E78.5,portal access via https://internal.clinic.example/records/P000673
P000674,Yilmaz^Yusuf,yusuf.yilmaz@example.net,+49 89 2586955,47,80333,2024-04-09,I25.10,dob confirmed 15/03/1990
P000675,Demo^Petra,petra.demo@example.com,+49 89 6717839,45,80333,2024-04-19,M54.5,"treated at Apollo Hospital, transferred from HDFC Bank clinic"
P000676,Schmidt^Nadia,nadia.schmidt@example.org,+49 89 8570321,35,80333,2024-12-16,J45.909,ssn 123-45-6789 verified
P000677,Muster^Émile,émile.muster@example.net,+49 89 9932720,45,80331,2024-11-09,I25.10,callback +49 89 6191298
P000678,Yilmaz^Müller,müller.yilmaz@example.com,+49 89 7071340,47,80331,2024-07-16,F32.1,dob confirmed 15/03/1990
P000679,Hoffmann^Émile,émile.hoffmann@example.com,+49 89 8816095,55,85354,2024-08-26,E11.9,refund to DE89 3704 0044 0532 0130 00 approved
P000680,Beispiel^Mehmet,mehmet.beispiel@example.org,+49 89 3703028,51,80331,2024-10-08,I25.10,history of diabetes and hypertension
P000681,Rossi^Søren,søren.rossi@example.org,+49 89 0854382,47,80333,2024-02-12,K21.0,refund to DE89 3704 0044 0532 0130 00 approved
P000682,Krüger^Wolfgang,wolfgang.krüger@example.org,+49 89 2812253,47,80333,2024-11-14,I25.10,referred by Dr. Wolfgang Krüger
P000683,Muster^Fatma,fatma.muster@example.com,+49 89 4548475,65,81541,2024-02-10,E11.9,"lives at 27 MG Road, Pune 411001"
P000684,Becker^Quentin,quentin.becker@example.net,+49 89 2989764,66,81549,2024-12-13,J45.909,insurance card 4111 1111 1111 1111 on file
P000685,Schäfer^Georg,georg.schäfer@example.net,+49 89 0284252,67,20095,2023-06-11,F32.1,refund to DE89 3704 0044 0532 0130 00 approved
P000686,Beispiel^Müller,müller.beispiel@example.org,+49 89 7822347,69,81549,2024-05-27,E11.9,follow-up in 6 weeks
P000687,Beispiel^Müller,müller.beispiel@example.com,+49 89 8976294,31,80331,2024-01-19,I10,
P000688,Probe^Zora,zora.probe@example.org,+49 89 0775642,48,80331,2024-08-05,J45.909,referred by Dr. Zora Probe
P000689,Probe^Alice,alice.probe@example.com,+49 89 8781384,65,81549,2024-05-06,K21.0,follow-up in 6 weeks
P000690,Weber^Mehmet,mehmet.weber@example.com,+49 89 2619800,38,04103,2024-05-22,F32.1,refund to DE89 3704 0044 0532 0130 00 approved
P000691,Bauer^Umut,umut.bauer@example.net,+49 89 6069230,60,80331,2024-10-16,J45.909,follow-up in 6 weeks
P000692,Rossi^Erik,erik.rossi@example.org,+49 89 5070445,58,80333,2024-06-22,J06.9,history of diabetes and hypertension
P000693,Test^Mehmet,mehmet.test@example.org,+49 89 1522710,46,80331,2024-01-01,I10,vehicle MH 12 AB 7767 in lot
P000694,Probe^Karim,karim.probe@example.com,+49 89 7138587,66,85354,2024-11-10,F32.1,referred by Dr. Karim Probe
P000695,Muster^Alice,alice.muster@example.com,+49 89 4133471,44,85354,2024-08-02,N18.3,portal access via https://internal.clinic.example/records/P000695
P000696,Hoffmann^Fatma,fatma.hoffmann@example.net,+49 89 0515819,38,80333,2024-03-02,I10,follow-up in 6 weeks
P000697,Krüger^Carla,carla.krüger@example.com,+49 89 8070832,49,01067,2023-01-05,E11.9,follow-up in 6 weeks
P000698,Bauer^Tanja,tanja.bauer@example.com,+49 89 4578243,86,01067,2023-04-26,K21.0,portal access via https://internal.clinic.example/records/P000698
P000699,Krüger^Zora,zora.krüger@example.org,+49 89 3934445,41,81549,2024-01-01,I25.10,follow-up in 6 weeks
P000700,Hoffmann^Vera,vera.hoffmann@example.net,+49 89 2886217,30,81549,2024-04-25,F32.1,"treated at Apollo Hospital, transferred from HDFC Bank clinic"
P000701,Muster^Olaf,olaf.muster@example.net,+49 89 8713610,67,80331,2024-07-03,E11.9,vehicle MH 12 AB 0261 in lot
P000702,Test^Alice,alice.test@example.com,+49 89 8399633,30,81541,2024-05-16,E11.9,refund to DE89 3704 0044 0532 0130 00 approved
P000703,Nowak^Ingrid,ingrid.nowak@example.com,+49 89 2953420,30,85354,2024-04-07,I25.10,referred by Dr. Ingrid Nowak
P000704,Fischer^Søren,søren.fischer@example.net,+49 89 4399949,35,81541,2024-12-12,N18.3,vehicle MH 12 AB 8477 in lot
P000705,Krüger^Lena,lena.krüger@example.org,+49 89 4769781,42,80331,2024-07-11,N18.3,api token sk-live_eeedbca6205b4aef rotated
P000706,Weber^Vera,vera.weber@example.net,+49 89 5226839,44,80333,2024-06-13,I10,passport J4907849 checked
P000707,Probe^Igor,igor.probe@example.net,+49 89 1901475,34,80333,2024-03-04,M54.5,follow-up in 6 weeks
P000708,Schäfer^Karim,karim.schäfer@example.org,+49 89 0643977,40,81541,2024-09-23,J06.9,vpn from 192.168.1.226 and 2001:db8::226
P000709,Muster^Bruno,bruno.muster@example.net,+49 89 3409882,67,04103,2020-06-10,J45.909,
P000710,Beispiel^Georg,georg.beispiel@example.com,+49 89 4604656,40,81541,2024-11-11,E78.5,
P000711,Beispiel^Mehmet,mehmet.beispiel@example.net,+49 89 8888875,37,81549,2024-09-19,J06.9,
P000712,Schäfer^Müller,müller.schäfer@example.net,+49 89 5689738,53,80331,2024-04-07,J06.9,callback +49 89 8622091
P000713,Beispiel^Georg,georg.beispiel@example.org,+49 89 8946632,47,81541,2024-08-24,N18.3,history of diabetes and hypertension
P000714,Yilmaz^Carla,carla.yilmaz@example.net,+49 89 6239428,63,80331,2024-01-26,E78.5,"treated at Apollo Hospital, transferred from HDFC Bank clinic"
P000715,Test^Müller,müller.test@example.com,+49 89 0261504,31,80333,2024-07-27,K21.0,
P000716,Demo^Stefan,stefan.demo@example.com,+49 89 0240724,55,85354,2024-08-23,J06.9,callback +49 89 4846747
P000717,Demo^Georg,georg.demo@example.org,+49 89 7762067,58,80333,2024-06-02,J06.9,dob confirmed 15/03/1990
P000718,Krüger^Mehmet,mehmet.krüger@example.net,+49 89 8750979,52,81549,2024-08-25,E11.9,ssn 123-45-6789 verified
P000719,Nowak^Umut,umut.nowak@example.com,+49 89 7352090,30,80331,2024-09-07,K21.0,dob confirmed 15/03/1990
P000720,Test^Zora,zora.test@example.net,+49 89 3902791,65,20095,2022-09-02,I10,"lives at 352 MG Road, Pune 411001"
P000721,Beispiel^Erik,erik.beispiel@example.net,+49 89 9431147,63,81549,2024-04-22,I25.10,passport J5296000 checked
P000722,Schäfer^Erik,erik.schäfer@example.net,+49 89 4245005,65,85354,2024-02-15,I25.10,"lives at 221 MG Road, Pune 411001"
P000723,Hoffmann^Mehmet,mehmet.hoffmann@example.com,+49 89 7784076,52,81541,2024-11-18,M54.5,referred by Dr. Mehmet Hoffmann
P000724,Beispiel^Karim,karim.beispiel@example.net,+49 89 2778270,45,80331,2024-12-13,J45.909,vpn from 192.168.1.83 and 2001:db8::83
P000725,Becker^Ingrid,ingrid.becker@example.com,+49 89 6617528,46,81541,2024-01-16,F32.1,order ref 1234567890123 pending
P000726,Beispiel^Yusuf,yusuf.beispiel@example.org,+49 89 9676922,36,80333,2024-11-06,J45.909,passport J3741347 checked
P000727,Weber^Nadia,nadia.weber@example.org,+49 89 1008761,44,85354,2024-10-04,J06.9,ifsc HDFC0001234 000123456789 on record
P000728,Hoffmann^Tanja,tanja.hoffmann@example.org,+49 89 7248736,46,81549,2024-09-15,I25.10,portal access via https://internal.clinic.example/records/P000728
P000729,Krüger^Müller,müller.krüger@example.com,+49 89 0516576,46,81549,2024-01-15,K21.0,api token sk-live_dc6c9b87c059ad64 rotated
P000730,Demo^Igor,igor.demo@example.net,+49 89 1183555,31,81541,2024-12-24,E78.5,contact patient at igor@example.com
P000731,Weber^Deniz,deniz.weber@example.org,+49 89 6567686,40,85354,2024-01-01,M54.5,passport J2351185 checked
P000732,Demo^Karim,karim.demo@example.net,+49 89 0438713,41,04103,2024-04-05,K21.0,api token sk-live_0c5f48fad004b5d2 rotated
P000733,Schmidt^Lena,lena.schmidt@example.org,+49 89 4893477,41,80333,2024-12-27,E78.5,referred by Dr. Lena Schmidt
P000734,Hoffmann^Quentin,quentin.hoffmann@example.com,+49 89 5347434,67,80333,2024-02-23,K21.0,callback +49 89 7739183
P000735,Hoffmann^Tanja,tanja.hoffmann@example.net,+49 89 6694137,68,04103,2019-08-24,E11.9,contact patient at tanja@example.com
P000736,Fischer^Igor,igor.fischer@example.org,+49 89 9790665,34,81549,2024-08-17,E78.5,portal access via https://internal.clinic.example/records/P000736
P000737,Test^Karim,karim.test@example.org,+49 89 4109590,67,80331,2024-06-18,I10,history of diabetes and hypertension
P000738,Hoffmann^Vera,vera.hoffmann@example.org,+49 89 4670478,39,80331,2024-08-17,M54.5,"treated at Apollo Hospital, transferred from HDFC Bank clinic"
P000739,Schäfer^Søren,søren.schäfer@example.org,+49 89 1468146,46,01067,2024-06-10,M54.5,follow-up in 6 weeks
P000740,Rossi^Vera,vera.rossi@example.org,+49 89 2846789,54,85354,2024-02-02,K21.0,vpn from 192.168.1.78 and 2001:db8::78
P000741,Beispiel^Søren,søren.beispiel@example.org,+49 89 9773788,63,81541,2024-02-22,I25.10,api token sk-live_735309a8d52c8a52 rotated
P000742,Hoffmann^Wolfgang,wolfgang.hoffmann@example.org,+49 89 4474289,67,80331,2024-09-11,J45.909,callback +49 89 6448320
P000743,Demo^Tanja,tanja.demo@example.org,+49 89 9577679,30,81549,2024-11-15,M54.5,api token sk-live_d2aede3c15bc00c5 rotated
P000744,Schmidt^Karim,karim.schmidt@example.com,+49 89 9419247,68,80333,2024-08-23,E11.9,"lives at 226 MG Road, Pune 411001"
P000745,Beispiel^Hana,hana.beispiel@example.com,+49 89 5264046,45,81541,2024-08-14,F32.1,"treated at Apollo Hospital, transferred from HDFC Bank clinic"
P000746,Beispiel^Xenia,xenia.beispiel@example.org,+49 89 2572675,37,85354,2024-05-09,E11.9,ssn 123-45-6789 verified
P000747,Schmidt^Mehmet,mehmet.schmidt@example.org,+49 89 9109810,44,81541,2024-01-03,I10,vpn from 192.168.1.131 and 2001:db8::131
P000748,Beispiel^Xenia,xenia.beispiel@example.com,+49 89 9421947,55,80333,2024-02-18,F32.1,ssn 123-45-6789 verified
P000749,Becker^Fatma,fatma.becker@example.org,+49 89 2774239,34,85354,2024-03-26,J45.909,order ref 1234567890123 pending
P000750,Nowak^Fatma,fatma.nowak@example.org,+49 89 9686612,42,80333,2024-10-12,M54.5,api token sk-live_1bf16382aa579386 rotated
P000751,Demo^Xenia,xenia.demo@example.org,+49 89 1016882,30,80333,2024-01-10,M54.5,passport J4854258 checked
P000752,Becker^Erik,erik.becker@example.com,+49 89 5786166,62,81549,2024-11-27,I25.10,vehicle MH 12 AB 6464 in lot
P000753,Beispiel^Yusuf,yusuf.beispiel@example.net,+49 89 0238761,58,80331,2024-11-06,E11.9,vehicle MH 12 AB 9880 in lot
P000754,Test^Quentin,quentin.test@example.org,+49 89 2476727,53,81541,2024-10-18,I25.10,passport J4508843 checked
P000755,Yilmaz^Zora,zora.yilmaz@example.org,+49 89 5375318,55,81549,2024-04-05,I10,ssn 123-45-6789 verified
P000756,Koch^Deniz,deniz.koch@example.org,+49 89 4818931,64,80331,2024-11-08,J06.9,insurance card 4111 1111 1111 1111 on file
P000757,Becker^Émile,émile.becker@example.org,+49 89 4838682,32,20095,2019-12-25,J45.909,passport J5108110 checked
P000758,Koch^Søren,søren.koch@example.org,+49 89 9907732,21,20095,2020-09-15,F32.1,follow-up in 6 weeks
P000759,Bauer^Wolfgang,wolfgang.bauer@example.net,+49 89 2300720,41,80331,2024-04-13,M54.5,insurance card 4111 1111 1111 1111 on file
P000760,Weber^Erik,erik.weber@example.org,+49 89 5060420,34,99998,2021-08-23,K21.0,history of diabetes and hypertension
P000761,Yilmaz^Zora,zora.yilmaz@example.net,+49 89 6239057,44,81541,2024-06-11,I25.10,"treated at Apollo Hospital, transferred from HDFC Bank clinic"
P000762,Fischer^Deniz,deniz.fischer@example.net,+49 89 3612522,33,80331,2024-12-03,E78.5,"treated at Apollo Hospital, transferred from HDFC Bank clinic"
P000763,Schmidt^Zora,zora.schmidt@example.net,+49 89 4910180,66,81549,2024-02-07,F32.1,portal access via https://internal.clinic.example/records/P000763
P000764,Muster^Bruno,bruno.muster@example.com,+49 89 2915979,37,81541,2024-09-10,M54.5,insurance card 4111 1111 1111 1111 on file
P000765,Rossi^Rosa,rosa.rossi@example.org,+49 89 8419936,33,85354,2024-08-01,F32.1,insurance card 4111 1111 1111 1111 on file
P000766,Wagner^Alice,alice.wagner@example.com,+49 89 6974543,43,81549,2024-05-12,F32.1,insurance card 4111 1111 1111 1111 on file
P000767,Test^Zora,zora.test@example.org,+49 89 5349801,40,81541,2024-06-03,J45.909,vehicle MH 12 AB 5428 in lot
P000768,Bauer^Zora,zora.bauer@example.org,+49 89 9910943,39,80331,2024-04-23,K21.0,vehicle MH 12 AB 0042 in lot
P000769,Krüger^Nadia,nadia.krüger@example.com,+49 89 7732421,33,81549,2024-11-05,J45.909,passport J2486640 checked
P000770,Beispiel^Søren,søren.beispiel@example.com,+49 89 2821931,31,81549,2024-05-11,J45.909,contact patient at søren@example.com
P000771,Demo^Petra,petra.demo@example.net,+49 89 7631095,68,81549,2024-05-18,K21.0,history of diabetes and hypertension
P000772,Muster^Yusuf,yusuf.muster@example.org,+49 89 8801394,37,81541,2024-02-26,K21.0,vpn from 192.168.1.80 and 2001:db8::80
P000773,Yilmaz^Zora,zora.yilmaz@example.org,+49 89 5795979,64,81541,2024-10-28,F32.1,referred by Dr. Zora Yilmaz
P000774,Muster^Nadia,nadia.muster@example.com,+49 89 5184732,20,01067,2022-06-09,I10,api token sk-live_514b3eb5f63952ef rotated
P000775,Nowak^Émile,émile.nowak@example.com,+49 89 2784163,38,81541,2024-06-03,I10,portal access via https://internal.clinic.example/records/P000775
P000776,Wagner^Erik,erik.wagner@example.org,+49 89 9164013,55,81549,2024-12-16,J45.909,contact patient at erik@example.com
P000777,Weber^Ingrid,ingrid.weber@example.org,+49 89 6935902,57,80331,2024-04-27,E11.9,passport J7738092 checked
P000778,Beispiel^Yusuf,yusuf.beispiel@example.org,+49 89 2621575,57,80333,2024-09-17,J06.9,portal access via https://internal.clinic.example/records/P000778
P000779,Hoffmann^Olaf,olaf.hoffmann@example.net,+49 89 2035712,65,81549,2024-01-18,J06.9,
P000780,Koch^Quentin,quentin.koch@example.org,+49 89 6981414,34,81549,2024-12-26,I10,api token sk-live_8098d6d04556e7a4 rotated
P000781,Demo^Carla,carla.demo@example.net,+49 89 9565939,51,99998,2021-10-18,E78.5,vpn from 192.168.1.63 and 2001:db8::63
P000782,Fischer^Deniz,deniz.fischer@example.com,+49 89 3160309,44,80333,2024-06-15,F32.1,dob confirmed 15/03/1990
P000783,Test^Alice,alice.test@example.net,+49 89 8857432,43,80331,2024-10-04,E78.5,vehicle MH 12 AB 8241 in lot
P000784,Koch^Umut,umut.koch@example.net,+49 89 9146243,68,81549,2024-11-28,J45.909,insurance card 4111 1111 1111 1111 on file
P000785,Rossi^Müller,müller.rossi@example.net,+49 89 5576360,42,85354,2024-05-26,I25.10,callback +49 89 5851673
P000786,Nowak^Tanja,tanja.nowak@example.com,+49 89 5095332,54,01067,2024-06-23,E78.5,ifsc HDFC0001234 000123456789 on record
P000787,Probe^Fatma,fatma.probe@example.org,+49 89 7545000,26,01067,2023-02-07,I25.10,callback +49 89 3967446
P000788,Hoffmann^Umut,umut.hoffmann@example.net,+49 89 2883897,66,80331,2024-12-25,E11.9,api token sk-live_907d655f4f5ac3ee rotated
P000789,Probe^Müller,müller.probe@example.org,+49 89 1809413,65,80331,2024-06-20,F32.1,"lives at 174 MG Road, Pune 411001"
P000790,Demo^Rosa,rosa.demo@example.com,+49 89 9681921,54,85354,2024-02-27,F32.1,
P000791,Yilmaz^Quentin,quentin.yilmaz@example.org,+49 89 6557504,41,85354,2024-11-03,F32.1,dob confirmed 15/03/1990
P000792,Becker^Yusuf,yusuf.becker@example.org,+49 89 6239455,58,81541,2024-06-01,E11.9,callback +49 89 2716454
P000793,Yilmaz^Hana,hana.yilmaz@example.org,+49 89 8341223,56,80331,2024-05-22,N18.3,contact patient at hana@example.com
P000794,Probe^Müller,müller.probe@example.org,+49 89 0206187,35,99998,2019-08-08,K21.0,
P000795,Koch^Alice,alice.koch@example.org,+49 89 3065365,61,81541,2024-03-01,J06.9,api token sk-live_50f2483aa49f695f rotated
P000796,Rossi^Carla,carla.rossi@example.com,+49 89 8162169,63,85354,2024-07-25,J45.909,follow-up in 6 weeks
P000797,Yilmaz^Alice,alice.yilmaz@example.org,+49 89 3278982,60,80333,2024-06-17,I10,vehicle MH 12 AB 5196 in lot
P000798,Schäfer^Xenia,xenia.schäfer@example.com,+49 89 7606698,51,81541,2024-08-22,F32.1,refund to DE89 3704 0044 0532 0130 00 approved
P000799,Schmidt^Ingrid,ingrid.schmidt@example.com,+49 89 4978668,43,80331,2024-10-01,N18.3,order ref 1234567890123 pending
P000800,Becker^Xenia,xenia.becker@example.net,+49 89 7101454,50,81549,2024-09-21,J45.909,api token sk-live_54a5d0b894cfce36 rotated
P000801,Probe^Müller,müller.probe@example.net,+49 89 4556429,38,80331,2024-06-10,K21.0,vpn from 192.168.1.152 and 2001:db8::152
P000802,Rossi^Vera,vera.rossi@example.com,+49 89 8014987,68,81541,2024-03-20,I25.10,api token sk-live_116afe4e1996d118 rotated
P000803,Beispiel^Quentin,quentin.beispiel@example.com,+49 89 6200839,33,20095,2019-02-05,E78.5,follow-up in 6 weeks
P000804,Schmidt^Olaf,olaf.schmidt@example.com,+49 89 8075924,55,80333,2024-11-02,M54.5,"treated at Apollo Hospital, transferred from HDFC Bank clinic"
P000805,Schmidt^Erik,erik.schmidt@example.net,+49 89 0205497,21,99998,2021-04-22,N18.3,api token sk-live_81e599a70379f984 rotated
P000806,Yilmaz^Nadia,nadia.yilmaz@example.com,+49 89 8302294,58,99998,2023-12-10,E11.9,vpn from 192.168.1.58 and 2001:db8::58
P000807,Schmidt^Olaf,olaf.schmidt@example.org,+49 89 9129991,46,81549,2024-05-22,E78.5,
P000808,Becker^Vera,vera.becker@example.org,+49 89 4545239,46,81541,2024-11-20,F32.1,
P000809,Schmidt^Ingrid,ingrid.schmidt@example.com,+49 89 0147132,49,85354,2024-08-05,E78.5,follow-up in 6 weeks
P000810,Demo^Zora,zora.demo@example.net,+49 89 1661735,41,85354,2024-07-07,F32.1,
P000811,Demo^Bruno,bruno.demo@example.net,+49 89 3729734,58,80331,2024-06-02,E78.5,contact patient at bruno@example.com
P000812,Hoffmann^Karim,karim.hoffmann@example.com,+49 89 2937187,68,80333,2024-07-09,N18.3,ssn 123-45-6789 verified
P000813,Fischer^Vera,vera.fischer@example.org,+49 89 7140630,59,81549,2024-07-26,E11.9,callback +49 89 5839176
P000814,Test^Julia,julia.test@example.com,+49 89 6506961,48,80331,2024-07-22,J45.909,history of diabetes and hypertension
P000815,Wagner^Petra,petra.wagner@example.net,+49 89 0897672,53,85354,2024-11-08,J06.9,ssn 123-45-6789 verified
P000816,Schäfer^Fatma,fatma.schäfer@example.net,+49 89 8865428,38,81541,2024-07-14,M54.5,"treated at Apollo Hospital, transferred from HDFC Bank clinic"
P000817,Demo^Deniz,deniz.demo@example.com,+49 89 2652928,56,81549,2024-09-10,I10,ifsc HDFC0001234 000123456789 on record
P000818,Schäfer^Deniz,deniz.schäfer@example.com,+49 89 1920316,59,80331,2024-10-10,J45.909,order ref 1234567890123 pending
P000819,Beispiel^Alice,alice.beispiel@example.com,+49 89 6007046,41,80331,2024-12-19,F32.1,api token sk-live_82b354c56f393365 rotated
P000820,Fischer^Stefan,stefan.fischer@example.net,+49 89 9981054,62,81541,2024-12-07,E11.9,follow-up in 6 weeks
P000821,Becker^Mehmet,mehmet.becker@example.org,+49 89 3382643,60,81541,2024-12-08,K21.0,vpn from 192.168.1.31 and 2001:db8::31
P000822,Hoffmann^Vera,vera.hoffmann@example.org,+49 89 8801905,58,80331,2024-04-22,M54.5,
P000823,Probe^Zora,zora.probe@example.net,+49 89 4905089,67,80333,2024-07-26,J06.9,callback +49 89 5615393
P000824,Krüger^Karim,karim.krüger@example.org,+49 89 4675444,50,81541,2024-11-20,J45.909,insurance card 4111 1111 1111 1111 on file
P000825,Schmidt^Quentin,quentin.schmidt@example.com,+49 89 0719776,34,80331,2024-08-14,N18.3,
P000826,Schäfer^Bruno,bruno.schäfer@example.net,+49 89 7190475,47,80333,2024-10-15,M54.5,portal access via https://internal.clinic.example/records/P000826
P000827,Weber^Rosa,rosa.weber@example.org,+49 89 9735913,46,81549,2024-11-19,N18.3,insurance card 4111 1111 1111 1111 on file
P000828,Rossi^Lena,lena.rossi@example.org,+49 89 3667634,67,80331,2024-02-22,K21.0,referred by Dr. Lena Rossi
P000829,Beispiel^Hana,hana.beispiel@example.net,+49 89 6251781,18,20095,2019-01-28,K21.0,
P000830,Rossi^Georg,georg.rossi@example.org,+49 89 1714537,57,80331,2024-03-27,N18.3,referred by Dr. Georg Rossi
P000831,Fischer^Fatma,fatma.fischer@example.org,+49 89 7080755,53,81549,2024-02-19,I25.10,callback +49 89 3510254
P000832,Hoffmann^Georg,georg.hoffmann@example.org,+49 89 9690211,57,80331,2024-04-07,I25.10,"treated at Apollo Hospital, transferred from HDFC Bank clinic"
P000833,Schmidt^Fatma,fatma.schmidt@example.org,+49 89 7573181,45,81549,2024-08-25,J45.909,callback +49 89 7027449
P000834,Weber^Erik,erik.weber@example.net,+49 89 7497506,44,81549,2024-11-06,I10,follow-up in 6 weeks
P000835,Krüger^Lena,lena.krüger@example.org,+49 89 4098790,39,81541,2024-10-03,I10,order ref 1234567890123 pending
P000836,Schäfer^Émile,émile.schäfer@example.com,+49 89 7832420,43,80331,2024-03-18,I10,referred by Dr. Émile Schäfer
P000837,Fischer^Ingrid,ingrid.fischer@example.net,+49 89 0603809,44,80333,2024-05-22,I10,api token sk-live_5125d4b79dcbfd32 rotated
P000838,Becker^Umut,umut.becker@example.com,+49 89 1959795,66,80331,2024-01-15,I10,history of diabetes and hypertension
P000839,Demo^Bruno,bruno.demo@example.com,+49 89 1493962,78,99998,2021-08-22,J45.909,follow-up in 6 weeks
P000840,Becker^Müller,müller.becker@example.org,+49 89 0416357,38,04103,2020-03-03,J06.9,"treated at Apollo Hospital, transferred from HDFC Bank clinic"
P000841,Krüger^Igor,igor.krüger@example.net,+49 89 7808259,88,04103,2021-12-09,E78.5,portal access via https://internal.clinic.example/records/P000841
P000842,Wagner^Ingrid,ingrid.wagner@example.net,+49 89 8752144,69,80331,2024-09-12,J45.909,"lives at 119 MG Road, Pune 411001"
P000843,Schmidt^Bruno,bruno.schmidt@example.com,+49 89 5719196,59,85354,2024-10-08,F32.1,vpn from 192.168.1.197 and 2001:db8::197
P000844,Schäfer^Nadia,nadia.schäfer@example.com,+49 89 8870935,67,80333,2024-08-23,F32.1,referred by Dr. Nadia Schäfer
P000845,Beispiel^Karim,karim.beispiel@example.net,+49 89 3998098,47,80333,2024-09-12,N18.3,contact patient at karim@example.com
P000846,Bauer^Rosa,rosa.bauer@example.net,+49 89 8113229,23,99998,2021-05-05,N18.3,contact patient at rosa@example.com
P000847,Wagner^Nadia,nadia.wagner@example.net,+49 89 9438234,61,80331,2024-04-26,E11.9,
P000848,Wagner^Müller,müller.wagner@example.net,+49 89 1464795,65,85354,2024-10-28,J45.909,vpn from 192.168.1.244 and 2001:db8::244
P000849,Koch^Hana,hana.koch@example.com,+49 89 0457140,49,85354,2024-11-09,F32.1,vpn from 192.168.1.152 and 2001:db8::152
P000850,Schäfer^Tanja,tanja.schäfer@example.net,+49 89 2251099,35,80333,2024-08-17,I25.10,history of diabetes and hypertension
P000851,Nowak^Deniz,deniz.nowak@example.com,+49 89 8548951,48,80331,2024-06-24,F32.1,refund to DE89 3704 0044 0532 0130 00 approved
P000852,Muster^Erik,erik.muster@example.com,+49 89 5459925,62,80331,2024-12-20,J45.909,referred by Dr. Erik Muster
P000853,Hoffmann^Nadia,nadia.hoffmann@example.org,+49 89 9148276,55,80333,2024-03-18,E78.5,vehicle MH 12 AB 5511 in lot
P000854,Schäfer^Olaf,olaf.schäfer@example.net,+49 89 3944227,37,81549,2024-12-20,I10,history of diabetes and hypertension
P000855,Rossi^Xenia,xenia.rossi@example.net,+49 89 6140281,65,81541,2024-12-02,I10,passport J0901596 checked
P000856,Koch^Hana,hana.koch@example.org,+49 89 7346908,32,99998,2020-07-04,F32.1,order ref 1234567890123 pending
P000857,Test^Hana,hana.test@example.net,+49 89 9460630,39,80333,2024-06-28,F32.1,dob confirmed 15/03/1990
P000858,Weber^Erik,erik.weber@example.net,+49 89 0063933,48,80331,2024-04-20,E78.5,dob confirmed 15/03/1990
P000859,Bauer^Fatma,fatma.bauer@example.net,+49 89 0581523,48,85354,2024-01-17,E11.9,ifsc HDFC0001234 000123456789 on record
P000860,Test^Lena,lena.test@example.net,+49 89 8907348,60,81541,2024-11-16,N18.3,order ref 1234567890123 pending
P000861,Beispiel^Umut,umut.beispiel@example.org,+49 89 0522745,67,80331,2024-02-05,K21.0,ifsc HDFC0001234 000123456789 on record
P000862,Muster^Nadia,nadia.muster@example.net,+49 89 5898624,54,80331,2024-01-11,M54.5,insurance card 4111 1111 1111 1111 on file
P000863,Koch^Erik,erik.koch@example.com,+49 89 8360738,65,80331,2024-05-27,I25.10,"lives at 383 MG Road, Pune 411001"
P000864,Schmidt^Stefan,stefan.schmidt@example.com,+49 89 8647339,68,81549,2024-06-09,E78.5,ssn 123-45-6789 verified
P000865,Muster^Carla,carla.muster@example.org,+49 89 2077332,49,81541,2024-03-15,N18.3,passport J5025170 checked
P000866,Weber^Nadia,nadia.weber@example.org,+49 89 8994992,37,80331,2024-02-03,I25.10,follow-up in 6 weeks
P000867,Yilmaz^Stefan,stefan.yilmaz@example.org,+49 89 0604459,35,80331,2024-08-15,I10,follow-up in 6 weeks
P000868,Test^Deniz,deniz.test@example.net,+49 89 1589408,37,80331,2024-01-02,J45.909,dob confirmed 15/03/1990
P000869,Probe^Petra,petra.probe@example.com,+49 89 6419985,39,81541,2024-08-23,J45.909,passport J9396726 checked
P000870,Hoffmann^Olaf,olaf.hoffmann@example.org,+49 89 8579488,41,85354,2024-02-02,E11.9,"treated at Apollo Hospital, transferred from HDFC Bank clinic"
P000871,Wagner^Xenia,xenia.wagner@example.net,+49 89 4470597,47,80331,2024-06-28,M54.5,callback +49 89 9862877
P000872,Hoffmann^Georg,georg.hoffmann@example.org,+49 89 7356428,55,85354,2024-01-14,N18.3,history of diabetes and hypertension
P000873,Demo^Vera,vera.demo@example.net,+49 89 6937024,71,01067,2024-01-18,E11.9,api token sk-live_3510bf55e1794d63 rotated
P000874,Rossi^Tanja,tanja.rossi@example.com,+49 89 8337033,34,85354,2024-09-08,I10,vehicle MH 12 AB 6481 in lot
P000875,Fischer^Deniz,deniz.fischer@example.com,+49 89 5578221,68,80331,2024-11-20,N18.3,ssn 123-45-6789 verified
P000876,Krüger^Xenia,xenia.krüger@example.net,+49 89 1326482,71,01067,2019-07-27,N18.3,portal access via https://internal.clinic.example/records/P000876
P000877,Fischer^Alice,alice.fischer@example.org,+49 89 5300707,43,80331,2024-06-09,J06.9,callback +49 89 6283918
P000878,Bauer^Petra,petra.bauer@example.net,+49 89 5073361,54,80333,2024-12-20,E78.5,passport J8856213 checked
P000879,Schäfer^Quentin,quentin.schäfer@example.net,+49 89 6016928,40,85354,2024-01-18,J06.9,insurance card 4111 1111 1111 1111 on file
P000880,Wagner^Erik,erik.wagner@example.org,+49 89 5740580,46,81541,2024-09-09,F32.1,vpn from 192.168.1.70 and 2001:db8::70
P000881,Schäfer^Lena,lena.schäfer@example.org,+49 89 0529496,65,80333,2024-06-20,I25.10,vpn from 192.168.1.188 and 2001:db8::188
P000882,Krüger^Émile,émile.krüger@example.com,+49 89 5477895,60,85354,2024-05-21,E11.9,ssn 123-45-6789 verified
P000883,Krüger^Nadia,nadia.krüger@example.net,+49 89 8998524,64,85354,2024-02-14,M54.5,referred by Dr. Nadia Krüger
P000884,Krüger^Karim,karim.krüger@example.org,+49 89 1357515,42,80331,2024-04-03,I10,history of diabetes and hypertension
P000885,Koch^Zora,zora.koch@example.net,+49 89 9459941,54,81541,2024-02-17,F32.1,"treated at Apollo Hospital, transferred from HDFC Bank clinic"
P000886,Rossi^Rosa,rosa.rossi@example.com,+49 89 1698953,66,81549,2024-03-01,J06.9,portal access via https://internal.clinic.example/records/P000886
P000887,Muster^Deniz,deniz.muster@example.org,+49 89 5047727,61,80333,2024-08-18,E11.9,referred by Dr. Deniz Muster
P000888,Probe^Deniz,deniz.probe@example.net,+49 89 0780806,60,81541,2024-03-24,E78.5,callback +49 89 4023129
P000889,Koch^Mehmet,mehmet.koch@example.net,+49 89 6432094,69,81549,2024-05-20,I10,follow-up in 6 weeks
P000890,Rossi^Lena,lena.rossi@example.net,+49 89 8930638,30,80333,2024-11-03,I10,refund to DE89 3704 0044 0532 0130 00 approved
P000891,Krüger^Olaf,olaf.krüger@example.com,+49 89 6675787,49,81541,2024-04-21,E78.5,callback +49 89 8050562
P000892,Hoffmann^Wolfgang,wolfgang.hoffmann@example.com,+49 89 4960321,67,85354,2024-11-20,J45.909,follow-up in 6 weeks
P000893,Wagner^Deniz,deniz.wagner@example.com,+49 89 7389485,69,80331,2024-09-15,J45.909,history of diabetes and hypertension
P000894,Demo^Tanja,tanja.demo@example.com,+49 89 8525760,39,81549,2024-01-23,K21.0,history of diabetes and hypertension
P000895,Beispiel^Yusuf,yusuf.beispiel@example.net,+49 89 6452240,42,80333,2024-09-02,M54.5,
P000896,Muster^Müller,müller.muster@example.org,+49 89 9360597,67,81549,2024-09-04,I10,ifsc HDFC0001234 000123456789 on record
P000897,Schmidt^Erik,erik.schmidt@example.org,+49 89 5345622,66,81549,2024-10-04,I25.10,dob confirmed 15/03/1990
P000898,Wagner^Julia,julia.wagner@example.com,+49 89 6606267,69,80331,2024-11-26,J45.909,portal access via https://internal.clinic.example/records/P000898
P000899,Bauer^Igor,igor.bauer@example.org,+49 89 8548053,55,85354,2024-01-02,M54.5,"treated at Apollo Hospital, transferred from HDFC Bank clinic"
P000900,Hoffmann^Müller,müller.hoffmann@example.org,+49 89 8136051,35,81549,2024-12-09,J45.909,api token sk-live_e86eef1b76257690 rotated
P000901,Wagner^Stefan,stefan.wagner@example.net,+49 89 5605385,53,85354,2024-12-09,J45.909,ifsc HDFC0001234 000123456789 on record
P000902,Weber^Müller,müller.weber@example.net,+49 89 3344200,54,01067,2022-11-09,M54.5,
P000903,Test^Umut,umut.test@example.net,+49 89 8529396,40,80331,2024-05-27,J45.909,referred by Dr. Umut Test
P000904,Schäfer^Müller,müller.schäfer@example.net,+49 89 3051800,41,81549,2024-02-15,J06.9,portal access via https://internal.clinic.example/records/P000904
P000905,Wagner^Nadia,nadia.wagner@example.com,+49 89 0733688,65,85354,2024-08-01,J06.9,ifsc HDFC0001234 000123456789 on record
P000906,Demo^Xenia,xenia.demo@example.org,+49 89 6396224,65,81541,2024-12-14,K21.0,vpn from 192.168.1.234 and 2001:db8::234
P000907,Wagner^Petra,petra.wagner@example.org,+49 89 4352500,65,80333,2024-02-19,J06.9,contact patient at petra@example.com
P000908,Becker^Søren,søren.becker@example.org,+49 89 9373312,31,81541,2024-06-11,F32.1,referred by Dr. Søren Becker
P000909,Wagner^Fatma,fatma.wagner@example.net,+49 89 5157548,54,80331,2024-05-08,J06.9,insurance card 4111 1111 1111 1111 on file
P000910,Hoffmann^Igor,igor.hoffmann@example.net,+49 89 5108110,66,80333,2024-12-22,I25.10,portal access via https://internal.clinic.example/records/P000910
P000911,Schäfer^Stefan,stefan.schäfer@example.com,+49 89 9070185,59,80331,2024-10-05,M54.5,"lives at 384 MG Road, Pune 411001"
P000912,Weber^Bruno,bruno.weber@example.com,+49 89 3029695,30,80331,2024-11-26,E11.9,
P000913,Koch^Carla,carla.koch@example.org,+49 89 6537427,59,80331,2024-01-22,N18.3,ssn 123-45-6789 verified
P000914,Probe^Deniz,deniz.probe@example.net,+49 89 7407211,34,81541,2024-10-11,I25.10,vehicle MH 12 AB 1261 in lot
P000915,Becker^Vera,vera.becker@example.com,+49 89 0680983,45,81541,2024-02-11,K21.0,referred by Dr. Vera Becker
P000916,Hoffmann^Alice,alice.hoffmann@example.com,+49 89 5471392,65,85354,2024-12-24,J06.9,refund to DE89 3704 0044 0532 0130 00 approved
P000917,Nowak^Deniz,deniz.nowak@example.net,+49 89 4821908,35,80331,2024-01-11,E11.9,insurance card 4111 1111 1111 1111 on file
P000918,Demo^Søren,søren.demo@example.net,+49 89 4188189,49,85354,2024-01-13,I25.10,order ref 1234567890123 pending
P000919,Schäfer^Xenia,xenia.schäfer@example.com,+49 89 0799598,69,85354,2024-07-01,J45.909,history of diabetes and hypertension
P000920,Schmidt^Stefan,stefan.schmidt@example.com,+49 89 6404442,45,80333,2024-04-24,F32.1,follow-up in 6 weeks
P000921,Bauer^Erik,erik.bauer@example.com,+49 89 7093958,59,81549,2024-03-07,F32.1,vehicle MH 12 AB 4494 in lot
P000922,Muster^Julia,julia.muster@example.net,+49 89 0991103,85,20095,2021-09-02,I25.10,portal access via https://internal.clinic.example/records/P000922
P000923,Schmidt^Émile,émile.schmidt@example.com,+49 89 8028834,36,85354,2024-06-06,J45.909,
P000924,Beispiel^Ingrid,ingrid.beispiel@example.com,+49 89 4250376,53,85354,2024-12-05,K21.0,"treated at Apollo Hospital, transferred from HDFC Bank clinic"
P000925,Koch^Ingrid,ingrid.koch@example.com,+49 89 2713440,55,85354,2024-09-22,I25.10,insurance card 4111 1111 1111 1111 on file
P000926,Fischer^Karim,karim.fischer@example.net,+49 89 7928592,62,85354,2024-09-16,E11.9,refund to DE89 3704 0044 0532 0130 00 approved
P000927,Koch^Zora,zora.koch@example.net,+49 89 4133774,48,81541,2024-10-27,I25.10,insurance card 4111 1111 1111 1111 on file
P000928,Koch^Tanja,tanja.koch@example.org,+49 89 3936991,63,80333,2024-10-16,E78.5,ssn 123-45-6789 verified
P000929,Schmidt^Mehmet,mehmet.schmidt@example.org,+49 89 0939019,44,04103,2022-01-24,N18.3,api token sk-live_eb3f8f86e56f11f8 rotated
P000930,Muster^Émile,émile.muster@example.com,+49 89 4647326,53,01067,2022-04-27,J45.909,api token sk-live_09ddb8d52d2da398 rotated
P000931,Test^Mehmet,mehmet.test@example.org,+49 89 5046870,44,81549,2024-11-07,J06.9,"lives at 50 MG Road, Pune 411001"
P000932,Weber^Umut,umut.weber@example.com,+49 89 8529428,35,80333,2024-09-26,E78.5,"treated at Apollo Hospital, transferred from HDFC Bank clinic"
P000933,Schmidt^Quentin,quentin.schmidt@example.org,+49 89 6638495,45,80331,2024-03-21,E78.5,callback +49 89 0134846
P000934,Bauer^Deniz,deniz.bauer@example.com,+49 89 6770855,37,85354,2024-07-17,N18.3,passport J8185221 checked
P000935,Nowak^Stefan,stefan.nowak@example.com,+49 89 5563667,52,85354,2024-09-18,I10,refund to DE89 3704 0044 0532 0130 00 approved
P000936,Demo^Rosa,rosa.demo@example.org,+49 89 9965156,46,85354,2024-05-25,J45.909,
P000937,Nowak^Vera,vera.nowak@example.com,+49 89 5423421,69,80333,2024-08-12,E78.5,ssn 123-45-6789 verified
P000938,Fischer^Wolfgang,wolfgang.fischer@example.net,+49 89 5766760,57,85354,2024-11-03,F32.1,"treated at Apollo Hospital, transferred from HDFC Bank clinic"
P000939,Schmidt^Petra,petra.schmidt@example.com,+49 89 5406543,82,04103,2021-08-24,I10,api token sk-live_5ccd85650ab6b9fa rotated
P000940,Koch^Stefan,stefan.koch@example.com,+49 89 5857934,54,81549,2024-03-19,E11.9,refund to DE89 3704 0044 0532 0130 00 approved
P000941,Weber^Müller,müller.weber@example.net,+49 89 6172406,63,81549,2024-08-04,E11.9,ifsc HDFC0001234 000123456789 on record
P000942,Wagner^Georg,georg.wagner@example.org,+49 89 5546824,57,80331,2024-06-10,E78.5,follow-up in 6 weeks
P000943,Weber^Igor,igor.weber@example.org,+49 89 7616854,65,80333,2024-08-19,I25.10,order ref 1234567890123 pending
P000944,Koch^Bruno,bruno.koch@example.net,+49 89 1620672,38,80331,2024-02-12,M54.5,refund to DE89 3704 0044 0532 0130 00 approved
P000945,Bauer^Fatma,fatma.bauer@example.net,+49 89 7790745,51,85354,2024-12-11,J45.909,insurance card 4111 1111 1111 1111 on file
P000946,Krüger^Fatma,fatma.krüger@example.org,+49 89 8630726,61,80331,2024-07-21,J45.909,insurance card 4111 1111 1111 1111 on file
P000947,Weber^Quentin,quentin.weber@example.org,+49 89 4285795,25,01067,2023-09-12,J45.909,vehicle MH 12 AB 2471 in lot
P000948,Yilmaz^Søren,søren.yilmaz@example.net,+49 89 9878837,51,20095,2022-12-16,I10,
P000949,Rossi^Igor,igor.rossi@example.net,+49 89 7950040,66,81541,2024-05-22,I10,
P000950,Fischer^Vera,vera.fischer@example.org,+49 89 0537079,39,85354,2024-05-16,N18.3,vehicle MH 12 AB 9207 in lot
P000951,Weber^Xenia,xenia.weber@example.com,+49 89 2230199,54,04103,2020-01-26,J45.909,order ref 1234567890123 pending
P000952,Nowak^Søren,søren.nowak@example.com,+49 89 0171024,69,85354,2024-12-22,N18.3,"treated at Apollo Hospital, transferred from HDFC Bank clinic"
P000953,Weber^Nadia,nadia.weber@example.net,+49 89 4902945,20,99998,2024-10-08,J06.9,contact patient at nadia@example.com
P000954,Weber^Tanja,tanja.weber@example.org,+49 89 8572838,24,99998,2024-09-12,I25.10,passport J2548306 checked
P000955,Schmidt^Wolfgang,wolfgang.schmidt@example.net,+49 89 8770261,55,80333,2024-03-10,E78.5,order ref 1234567890123 pending
P000956,Schmidt^Deniz,deniz.schmidt@example.net,+49 89 6390714,62,80331,2024-05-17,J06.9,portal access via https://internal.clinic.example/records/P000956
P000957,Nowak^Tanja,tanja.nowak@example.net,+49 89 5656895,33,85354,2024-02-28,E11.9,follow-up in 6 weeks
P000958,Koch^Yusuf,yusuf.koch@example.org,+49 89 4312543,40,81541,2024-02-03,E11.9,"treated at Apollo Hospital, transferred from HDFC Bank clinic"
P000959,Becker^Tanja,tanja.becker@example.com,+49 89 3876213,55,99998,2024-07-03,J06.9,
P000960,Weber^Olaf,olaf.weber@example.org,+49 89 4643577,31,99998,2022-05-20,N18.3,
P000961,Beispiel^Julia,julia.beispiel@example.com,+49 89 1475669,65,80333,2024-09-19,E11.9,refund to DE89 3704 0044 0532 0130 00 approved
P000962,Nowak^Rosa,rosa.nowak@example.org,+49 89 0922077,69,80333,2024-01-18,E11.9,ssn 123-45-6789 verified
P000963,Muster^Hana,hana.muster@example.net,+49 89 4955443,64,85354,2024-12-09,M54.5,api token sk-live_5706cf9d2c682706 rotated
P000964,Schmidt^Vera,vera.schmidt@example.org,+49 89 8191662,61,04103,2021-03-09,F32.1,api token sk-live_6737877103b48870 rotated
P000965,Krüger^Vera,vera.krüger@example.org,+49 89 0504377,32,85354,2024-09-21,M54.5,callback +49 89 1739000
P000966,Fischer^Yusuf,yusuf.fischer@example.com,+49 89 7407726,36,80333,2024-09-05,N18.3,vehicle MH 12 AB 0695 in lot
P000967,Yilmaz^Fatma,fatma.yilmaz@example.com,+49 89 8123921,47,80333,2024-06-15,I10,api token sk-live_e0f24f6634091845 rotated
P000968,Demo^Søren,søren.demo@example.com,+49 89 1601233,60,99998,2024-06-26,N18.3,insurance card 4111 1111 1111 1111 on file
P000969,Krüger^Igor,igor.krüger@example.com,+49 89 6732188,56,80331,2024-07-05,E11.9,"treated at Apollo Hospital, transferred from HDFC Bank clinic"
P000970,Yilmaz^Fatma,fatma.yilmaz@example.com,+49 89 6788038,45,80331,2024-01-11,I10,referred by Dr. Fatma Yilmaz
P000971,Schmidt^Olaf,olaf.schmidt@example.com,+49 89 4501951,32,85354,2024-01-01,N18.3,follow-up in 6 weeks
P000972,Krüger^Yusuf,yusuf.krüger@example.com,+49 89 5130142,20,20095,2020-12-28,F32.1,refund to DE89 3704 0044 0532 0130 00 approved
P000973,Schäfer^Nadia,nadia.schäfer@example.net,+49 89 0137598,56,85354,2024-05-12,J45.909,
P000974,Beispiel^Petra,petra.beispiel@example.net,+49 89 7652330,89,99998,2022-04-17,M54.5,ssn 123-45-6789 verified
P000975,Weber^Müller,müller.weber@example.net,+49 89 4470878,44,80333,2024-06-25,E78.5,vpn from 192.168.1.209 and 2001:db8::209
P000976,Probe^Mehmet,mehmet.probe@example.com,+49 89 6702887,38,80333,2024-04-03,K21.0,contact patient at mehmet@example.com
P000977,Beispiel^Bruno,bruno.beispiel@example.net,+49 89 1313304,30,80331,2024-01-01,E11.9,"lives at 235 MG Road, Pune 411001"
P000978,Muster^Rosa,rosa.muster@example.net,+49 89 7082803,31,81541,2024-07-24,N18.3,vehicle MH 12 AB 9114 in lot
P000979,Schmidt^Ingrid,ingrid.schmidt@example.com,+49 89 8789552,69,81541,2024-09-04,K21.0,api token sk-live_9f173ee2af44963f rotated
P000980,Weber^Nadia,nadia.weber@example.net,+49 89 2220770,52,80333,2024-01-16,J45.909,referred by Dr. Nadia Weber
P000981,Schmidt^Igor,igor.schmidt@example.com,+49 89 9806582,53,81549,2024-06-17,E78.5,
P000982,Becker^Søren,søren.becker@example.com,+49 89 9703220,59,81549,2024-09-02,J06.9,insurance card 4111 1111 1111 1111 on file
P000983,Probe^Nadia,nadia.probe@example.com,+49 89 2401819,57,80331,2024-05-12,F32.1,vpn from 192.168.1.175 and 2001:db8::175
P000984,Hoffmann^Vera,vera.hoffmann@example.net,+49 89 8898179,29,99998,2019-01-26,K21.0,referred by Dr. Vera Hoffmann
P000985,Hoffmann^Stefan,stefan.hoffmann@example.com,+49 89 4433688,51,81549,2024-06-03,E78.5,refund to DE89 3704 0044 0532 0130 00 approved
P000986,Hoffmann^Émile,émile.hoffmann@example.net,+49 89 2865571,52,20095,2024-11-23,E11.9,ifsc HDFC0001234 000123456789 on record
P000987,Yilmaz^Karim,karim.yilmaz@example.com,+49 89 7529809,68,80331,2024-07-16,E11.9,refund to DE89 3704 0044 0532 0130 00 approved
P000988,Rossi^Yusuf,yusuf.rossi@example.org,+49 89 7303682,34,85354,2024-04-02,I10,
P000989,Rossi^Nadia,nadia.rossi@example.com,+49 89 6225110,53,85354,2024-06-09,F32.1,contact patient at nadia@example.com
P000990,Becker^Zora,zora.becker@example.com,+49 89 7628531,33,01067,2021-08-11,F32.1,refund to DE89 3704 0044 0532 0130 00 approved
P000991,Demo^Erik,erik.demo@example.net,+49 89 5257538,52,80331,2024-08-03,K21.0,follow-up in 6 weeks
P000992,Koch^Yusuf,yusuf.koch@example.net,+49 89 1050320,45,80331,2024-09-10,N18.3,"lives at 300 MG Road, Pune 411001"
P000993,Becker^Tanja,tanja.becker@example.net,+49 89 8437247,27,20095,2019-12-06,F32.1,"lives at 376 MG Road, Pune 411001"
P000994,Schmidt^Fatma,fatma.schmidt@example.net,+49 89 8971160,46,80331,2024-04-23,F32.1,history of diabetes and hypertension
P000995,Weber^Quentin,quentin.weber@example.org,+49 89 0265925,50,85354,2024-12-22,K21.0,api token sk-live_008ccf02a45e8ce6 rotated
P000996,Krüger^Zora,zora.krüger@example.org,+49 89 5580243,53,85354,2024-04-27,N18.3,contact patient at zora@example.com
P000997,Krüger^Petra,petra.krüger@example.org,+49 89 7517522,42,04103,2021-12-22,J45.909,referred by Dr. Petra Krüger
P000998,Krüger^Wolfgang,wolfgang.krüger@example.org,+49 89 7919525,33,81549,2024-06-23,E11.9,order ref 1234567890123 pending
P000999,Schäfer^Carla,carla.schäfer@example.com,+49 89 3887622,42,85354,2024-08-09,E11.9,follow-up in 6 weeks
P001000,Fischer^Xenia,xenia.fischer@example.net,+49 89 4949217,36,81541,2024-05-21,I25.10,"treated at Apollo Hospital, transferred from HDFC Bank clinic"
